Total Actual,MonthStart,Total Budget,,Reconciliation Check,
"$55,361,948.03 ",1/1/2025 0:00,"$56,370,611.18 ",,Total Actual,"$1,402,762,391.34 "
"$57,626,585.81 ",2/1/2025 0:00,"$57,569,437.19 ",,Total Budget,"$1,404,832,728.48 "
"$57,841,597.51 ",3/1/2025 0:00,"$57,735,053.12 ",,Variance,"($2,070,337.14)"
"$56,477,395.10 ",4/1/2025 0:00,"$57,466,264.00 ",,Variance %,-0.15%
"$57,378,596.60 ",5/1/2025 0:00,"$56,781,593.72 ",,,
"$58,455,811.06 ",6/1/2025 0:00,"$58,151,043.91 ",,,
"$58,060,310.80 ",7/1/2025 0:00,"$57,745,562.90 ",,,
"$56,152,497.38 ",8/1/2025 0:00,"$57,191,268.61 ",,,
"$58,698,974.64 ",9/1/2025 0:00,"$57,866,028.65 ",,,
"$57,560,569.31 ",10/1/2025 0:00,"$57,842,297.25 ",,,
"$58,544,406.74 ",11/1/2025 0:00,"$57,440,542.08 ",,,
"$58,640,014.81 ",12/1/2025 0:00,"$58,748,285.43 ",,,
"$59,293,691.85 ",1/1/2026 0:00,"$59,117,854.83 ",,,
"$57,582,353.08 ",2/1/2026 0:00,"$59,353,703.29 ",,,
"$59,663,774.90 ",3/1/2026 0:00,"$59,276,380.39 ",,,
"$59,317,460.69 ",4/1/2026 0:00,"$59,692,889.22 ",,,
"$59,700,656.85 ",5/1/2026 0:00,"$59,052,796.92 ",,,
"$60,336,518.60 ",6/1/2026 0:00,"$59,209,595.37 ",,,
"$59,229,659.59 ",7/1/2026 0:00,"$60,236,497.79 ",,,
"$57,821,728.30 ",8/1/2026 0:00,"$59,303,613.76 ",,,
"$59,538,710.05 ",9/1/2026 0:00,"$59,327,689.04 ",,,
"$58,388,601.04 ",10/1/2026 0:00,"$58,583,392.44 ",,,
"$60,892,810.27 ",11/1/2026 0:00,"$59,910,124.85 ",,,
"$60,197,718.33 ",12/1/2026 0:00,"$60,860,202.54 ",,,
