DateKey,MonthStart,Year,MonthNumber,MonthName,Quarter,YearQuarter
20250101,2025-01-01,2025,1,January,Q1,2025-Q1
20250201,2025-02-01,2025,2,February,Q1,2025-Q1
20250301,2025-03-01,2025,3,March,Q1,2025-Q1
20250401,2025-04-01,2025,4,April,Q2,2025-Q2
20250501,2025-05-01,2025,5,May,Q2,2025-Q2
20250601,2025-06-01,2025,6,June,Q2,2025-Q2
20250701,2025-07-01,2025,7,July,Q3,2025-Q3
20250801,2025-08-01,2025,8,August,Q3,2025-Q3
20250901,2025-09-01,2025,9,September,Q3,2025-Q3
20251001,2025-10-01,2025,10,October,Q4,2025-Q4
20251101,2025-11-01,2025,11,November,Q4,2025-Q4
20251201,2025-12-01,2025,12,December,Q4,2025-Q4
20260101,2026-01-01,2026,1,January,Q1,2026-Q1
20260201,2026-02-01,2026,2,February,Q1,2026-Q1
20260301,2026-03-01,2026,3,March,Q1,2026-Q1
20260401,2026-04-01,2026,4,April,Q2,2026-Q2
20260501,2026-05-01,2026,5,May,Q2,2026-Q2
20260601,2026-06-01,2026,6,June,Q2,2026-Q2
20260701,2026-07-01,2026,7,July,Q3,2026-Q3
20260801,2026-08-01,2026,8,August,Q3,2026-Q3
20260901,2026-09-01,2026,9,September,Q3,2026-Q3
20261001,2026-10-01,2026,10,October,Q4,2026-Q4
20261101,2026-11-01,2026,11,November,Q4,2026-Q4
20261201,2026-12-01,2026,12,December,Q4,2026-Q4
