DateKey,MonthStart,DepartmentID,CostCenterID,AccountID,ForecastAmount
20250101,2025-01-01,D01,CC101,A200,439577.32
20250101,2025-01-01,D01,CC101,A210,102019.17
20250101,2025-01-01,D01,CC101,A300,140182.17
20250101,2025-01-01,D01,CC101,A400,79229.47
20250101,2025-01-01,D01,CC101,A500,34572.25
20250101,2025-01-01,D01,CC101,A800,56190.66
20250101,2025-01-01,D01,CC102,A100,2490978.97
20250101,2025-01-01,D01,CC102,A110,389383.09
20250101,2025-01-01,D01,CC102,A200,421746.22
20250101,2025-01-01,D01,CC102,A210,108149.49
20250101,2025-01-01,D01,CC102,A300,120620.63
20250101,2025-01-01,D01,CC102,A310,105067.35
20250101,2025-01-01,D01,CC102,A400,69422.59
20250101,2025-01-01,D01,CC102,A500,36317.0
20250101,2025-01-01,D01,CC102,A800,55856.61
20250101,2025-01-01,D02,CC201,A200,1071616.37
20250101,2025-01-01,D02,CC201,A210,304675.43
20250101,2025-01-01,D02,CC201,A300,383256.98
20250101,2025-01-01,D02,CC201,A310,257713.54
20250101,2025-01-01,D02,CC201,A400,189669.59
20250101,2025-01-01,D02,CC201,A500,99265.91
20250101,2025-01-01,D02,CC201,A700,8409420.52
20250101,2025-01-01,D02,CC201,A800,166660.32
20250101,2025-01-01,D02,CC202,A200,1074432.55
20250101,2025-01-01,D02,CC202,A210,289630.59
20250101,2025-01-01,D02,CC202,A310,245169.83
20250101,2025-01-01,D02,CC202,A400,234860.17
20250101,2025-01-01,D02,CC202,A500,101013.22
20250101,2025-01-01,D02,CC202,A700,7572006.39
20250101,2025-01-01,D02,CC202,A800,163383.53
20250101,2025-01-01,D03,CC301,A200,574102.88
20250101,2025-01-01,D03,CC301,A210,195611.03
20250101,2025-01-01,D03,CC301,A300,240485.61
20250101,2025-01-01,D03,CC301,A400,107495.74
20250101,2025-01-01,D03,CC301,A500,60759.51
20250101,2025-01-01,D03,CC301,A800,96512.34
20250101,2025-01-01,D04,CC401,A200,475732.67
20250101,2025-01-01,D04,CC401,A210,129750.91
20250101,2025-01-01,D04,CC401,A300,189805.39
20250101,2025-01-01,D04,CC401,A400,101142.26
20250101,2025-01-01,D04,CC401,A500,50698.16
20250101,2025-01-01,D04,CC401,A800,76602.42
20250101,2025-01-01,D05,CC501,A200,689707.61
20250101,2025-01-01,D05,CC501,A210,173088.2
20250101,2025-01-01,D05,CC501,A300,255651.72
20250101,2025-01-01,D05,CC501,A310,161354.74
20250101,2025-01-01,D05,CC501,A400,130870.4
20250101,2025-01-01,D05,CC501,A500,59806.0
20250101,2025-01-01,D05,CC501,A800,99530.09
20250101,2025-01-01,D05,CC502,A200,747273.61
20250101,2025-01-01,D05,CC502,A210,177911.07
20250101,2025-01-01,D05,CC502,A300,257908.66
20250101,2025-01-01,D05,CC502,A310,173761.15
20250101,2025-01-01,D05,CC502,A400,138644.78
20250101,2025-01-01,D05,CC502,A500,61556.14
20250101,2025-01-01,D05,CC502,A800,103391.91
20250101,2025-01-01,D06,CC601,A200,331181.66
20250101,2025-01-01,D06,CC601,A210,97630.87
20250101,2025-01-01,D06,CC601,A300,126995.87
20250101,2025-01-01,D06,CC601,A400,64130.52
20250101,2025-01-01,D06,CC601,A500,32564.93
20250101,2025-01-01,D06,CC601,A800,48672.64
20250101,2025-01-01,D07,CC701,A100,6088750.86
20250101,2025-01-01,D07,CC701,A110,943880.43
20250101,2025-01-01,D07,CC701,A200,615082.12
20250101,2025-01-01,D07,CC701,A210,145041.32
20250101,2025-01-01,D07,CC701,A300,208527.95
20250101,2025-01-01,D07,CC701,A310,165942.85
20250101,2025-01-01,D07,CC701,A400,102535.94
20250101,2025-01-01,D07,CC701,A500,52558.82
20250101,2025-01-01,D07,CC701,A600,262108.72
20250101,2025-01-01,D07,CC701,A800,68128.02
20250101,2025-01-01,D08,CC801,A200,838018.59
20250101,2025-01-01,D08,CC801,A210,193252.74
20250101,2025-01-01,D08,CC801,A400,159862.87
20250101,2025-01-01,D08,CC801,A500,68404.71
20250101,2025-01-01,D08,CC801,A700,6434323.83
20250101,2025-01-01,D08,CC801,A800,116291.75
20250101,2025-01-01,D08,CC802,A200,841257.73
20250101,2025-01-01,D08,CC802,A210,234008.08
20250101,2025-01-01,D08,CC802,A300,306990.07
20250101,2025-01-01,D08,CC802,A400,162713.33
20250101,2025-01-01,D08,CC802,A500,79097.76
20250101,2025-01-01,D08,CC802,A700,5180206.37
20250101,2025-01-01,D08,CC802,A800,125421.22
20250201,2025-02-01,D01,CC101,A200,364070.91
20250201,2025-02-01,D01,CC101,A210,109870.99
20250201,2025-02-01,D01,CC101,A300,129087.3
20250201,2025-02-01,D01,CC101,A400,78360.15
20250201,2025-02-01,D01,CC101,A500,36903.22
20250201,2025-02-01,D01,CC101,A800,56060.63
20250201,2025-02-01,D01,CC102,A100,2498594.22
20250201,2025-02-01,D01,CC102,A110,410879.65
20250201,2025-02-01,D01,CC102,A200,415568.36
20250201,2025-02-01,D01,CC102,A210,112504.2
20250201,2025-02-01,D01,CC102,A300,141038.27
20250201,2025-02-01,D01,CC102,A400,79982.33
20250201,2025-02-01,D01,CC102,A500,37455.45
20250201,2025-02-01,D01,CC102,A800,61815.06
20250201,2025-02-01,D02,CC201,A200,1104939.91
20250201,2025-02-01,D02,CC201,A210,318688.26
20250201,2025-02-01,D02,CC201,A300,404522.87
20250201,2025-02-01,D02,CC201,A310,306893.48
20250201,2025-02-01,D02,CC201,A400,212451.02
20250201,2025-02-01,D02,CC201,A500,113441.88
20250201,2025-02-01,D02,CC201,A700,9298096.17
20250201,2025-02-01,D02,CC201,A800,154826.3
20250201,2025-02-01,D02,CC202,A200,1181810.66
20250201,2025-02-01,D02,CC202,A210,310289.11
20250201,2025-02-01,D02,CC202,A310,305659.26
20250201,2025-02-01,D02,CC202,A400,249211.65
20250201,2025-02-01,D02,CC202,A500,102034.69
20250201,2025-02-01,D02,CC202,A700,7842447.24
20250201,2025-02-01,D02,CC202,A800,141972.25
20250201,2025-02-01,D03,CC301,A200,641591.34
20250201,2025-02-01,D03,CC301,A210,201876.37
20250201,2025-02-01,D03,CC301,A300,226902.46
20250201,2025-02-01,D03,CC301,A310,158873.79
20250201,2025-02-01,D03,CC301,A400,125511.75
20250201,2025-02-01,D03,CC301,A500,58257.36
20250201,2025-02-01,D03,CC301,A800,91231.2
20250201,2025-02-01,D04,CC401,A200,555760.47
20250201,2025-02-01,D04,CC401,A210,130492.28
20250201,2025-02-01,D04,CC401,A300,178827.31
20250201,2025-02-01,D04,CC401,A310,123610.89
20250201,2025-02-01,D04,CC401,A400,82941.05
20250201,2025-02-01,D04,CC401,A500,46649.11
20250201,2025-02-01,D04,CC401,A800,66558.29
20250201,2025-02-01,D05,CC501,A200,712248.39
20250201,2025-02-01,D05,CC501,A210,189243.04
20250201,2025-02-01,D05,CC501,A300,222964.33
20250201,2025-02-01,D05,CC501,A310,169379.93
20250201,2025-02-01,D05,CC501,A400,125157.87
20250201,2025-02-01,D05,CC501,A500,62179.99
20250201,2025-02-01,D05,CC501,A800,98454.58
20250201,2025-02-01,D05,CC502,A200,821027.59
20250201,2025-02-01,D05,CC502,A210,199041.24
20250201,2025-02-01,D05,CC502,A300,232427.07
20250201,2025-02-01,D05,CC502,A310,198036.8
20250201,2025-02-01,D05,CC502,A400,141361.9
20250201,2025-02-01,D05,CC502,A500,56455.12
20250201,2025-02-01,D05,CC502,A800,103621.14
20250201,2025-02-01,D06,CC601,A200,370582.03
20250201,2025-02-01,D06,CC601,A210,93087.6
20250201,2025-02-01,D06,CC601,A300,131929.71
20250201,2025-02-01,D06,CC601,A400,63895.03
20250201,2025-02-01,D06,CC601,A500,29128.65
20250201,2025-02-01,D06,CC601,A800,46032.54
20250201,2025-02-01,D07,CC701,A100,5603943.15
20250201,2025-02-01,D07,CC701,A110,827568.31
20250201,2025-02-01,D07,CC701,A200,527086.03
20250201,2025-02-01,D07,CC701,A210,150075.89
20250201,2025-02-01,D07,CC701,A300,207853.02
20250201,2025-02-01,D07,CC701,A310,132216.23
20250201,2025-02-01,D07,CC701,A400,107658.07
20250201,2025-02-01,D07,CC701,A500,47939.49
20250201,2025-02-01,D07,CC701,A600,279384.83
20250201,2025-02-01,D07,CC701,A800,75000.89
20250201,2025-02-01,D08,CC801,A200,818254.32
20250201,2025-02-01,D08,CC801,A210,232205.31
20250201,2025-02-01,D08,CC801,A310,203841.67
20250201,2025-02-01,D08,CC801,A400,144750.99
20250201,2025-02-01,D08,CC801,A500,72409.13
20250201,2025-02-01,D08,CC801,A700,6617037.37
20250201,2025-02-01,D08,CC801,A800,110828.55
20250201,2025-02-01,D08,CC802,A200,870420.46
20250201,2025-02-01,D08,CC802,A210,218582.87
20250201,2025-02-01,D08,CC802,A300,306168.96
20250201,2025-02-01,D08,CC802,A310,184897.4
20250201,2025-02-01,D08,CC802,A400,150542.09
20250201,2025-02-01,D08,CC802,A500,74977.55
20250201,2025-02-01,D08,CC802,A700,6626138.21
20250201,2025-02-01,D08,CC802,A800,124696.96
20250301,2025-03-01,D01,CC101,A200,467080.29
20250301,2025-03-01,D01,CC101,A210,106636.08
20250301,2025-03-01,D01,CC101,A300,144204.26
20250301,2025-03-01,D01,CC101,A310,102011.15
20250301,2025-03-01,D01,CC101,A400,90144.7
20250301,2025-03-01,D01,CC101,A500,36719.7
20250301,2025-03-01,D01,CC101,A800,51724.35
20250301,2025-03-01,D01,CC102,A100,2677859.54
20250301,2025-03-01,D01,CC102,A110,377421.48
20250301,2025-03-01,D01,CC102,A200,406849.82
20250301,2025-03-01,D01,CC102,A210,110487.68
20250301,2025-03-01,D01,CC102,A300,132831.36
20250301,2025-03-01,D01,CC102,A310,103607.81
20250301,2025-03-01,D01,CC102,A400,75114.76
20250301,2025-03-01,D01,CC102,A500,35531.03
20250301,2025-03-01,D01,CC102,A800,56359.12
20250301,2025-03-01,D02,CC201,A200,1046905.0
20250301,2025-03-01,D02,CC201,A210,281598.74
20250301,2025-03-01,D02,CC201,A300,413261.42
20250301,2025-03-01,D02,CC201,A400,196559.78
20250301,2025-03-01,D02,CC201,A500,96923.63
20250301,2025-03-01,D02,CC201,A700,8811128.18
20250301,2025-03-01,D02,CC201,A800,155998.19
20250301,2025-03-01,D02,CC202,A200,1137274.42
20250301,2025-03-01,D02,CC202,A210,268088.52
20250301,2025-03-01,D02,CC202,A300,400900.14
20250301,2025-03-01,D02,CC202,A400,209627.19
20250301,2025-03-01,D02,CC202,A500,103752.37
20250301,2025-03-01,D02,CC202,A700,8455806.23
20250301,2025-03-01,D02,CC202,A800,138465.24
20250301,2025-03-01,D03,CC301,A200,641964.21
20250301,2025-03-01,D03,CC301,A210,201629.77
20250301,2025-03-01,D03,CC301,A300,235182.61
20250301,2025-03-01,D03,CC301,A310,179103.01
20250301,2025-03-01,D03,CC301,A400,126895.35
20250301,2025-03-01,D03,CC301,A500,53016.59
20250301,2025-03-01,D03,CC301,A800,84314.95
20250301,2025-03-01,D04,CC401,A200,548466.27
20250301,2025-03-01,D04,CC401,A210,123702.48
20250301,2025-03-01,D04,CC401,A300,189381.45
20250301,2025-03-01,D04,CC401,A310,131515.53
20250301,2025-03-01,D04,CC401,A400,87360.26
20250301,2025-03-01,D04,CC401,A500,47139.87
20250301,2025-03-01,D04,CC401,A800,65457.62
20250301,2025-03-01,D05,CC501,A200,733553.41
20250301,2025-03-01,D05,CC501,A210,200218.65
20250301,2025-03-01,D05,CC501,A300,223710.01
20250301,2025-03-01,D05,CC501,A310,192743.66
20250301,2025-03-01,D05,CC501,A400,128374.04
20250301,2025-03-01,D05,CC501,A500,68720.52
20250301,2025-03-01,D05,CC501,A800,104832.76
20250301,2025-03-01,D05,CC502,A200,745592.06
20250301,2025-03-01,D05,CC502,A210,188963.57
20250301,2025-03-01,D05,CC502,A300,273839.15
20250301,2025-03-01,D05,CC502,A310,218206.88
20250301,2025-03-01,D05,CC502,A400,135370.27
20250301,2025-03-01,D05,CC502,A500,58927.03
20250301,2025-03-01,D05,CC502,A800,106662.64
20250301,2025-03-01,D06,CC601,A200,358652.77
20250301,2025-03-01,D06,CC601,A210,93163.75
20250301,2025-03-01,D06,CC601,A300,121321.6
20250301,2025-03-01,D06,CC601,A310,86114.19
20250301,2025-03-01,D06,CC601,A400,65363.33
20250301,2025-03-01,D06,CC601,A500,25770.46
20250301,2025-03-01,D06,CC601,A800,46314.82
20250301,2025-03-01,D07,CC701,A100,5975161.27
20250301,2025-03-01,D07,CC701,A110,860221.16
20250301,2025-03-01,D07,CC701,A200,611939.63
20250301,2025-03-01,D07,CC701,A210,140901.57
20250301,2025-03-01,D07,CC701,A310,146923.6
20250301,2025-03-01,D07,CC701,A400,102311.02
20250301,2025-03-01,D07,CC701,A500,52887.01
20250301,2025-03-01,D07,CC701,A600,263660.92
20250301,2025-03-01,D07,CC701,A800,74296.88
20250301,2025-03-01,D08,CC801,A200,883749.96
20250301,2025-03-01,D08,CC801,A210,203136.22
20250301,2025-03-01,D08,CC801,A300,298793.41
20250301,2025-03-01,D08,CC801,A310,219488.19
20250301,2025-03-01,D08,CC801,A400,156401.94
20250301,2025-03-01,D08,CC801,A500,77713.53
20250301,2025-03-01,D08,CC801,A700,5824196.81
20250301,2025-03-01,D08,CC801,A800,104911.94
20250301,2025-03-01,D08,CC802,A200,890676.61
20250301,2025-03-01,D08,CC802,A210,229679.75
20250301,2025-03-01,D08,CC802,A310,210701.96
20250301,2025-03-01,D08,CC802,A400,154577.25
20250301,2025-03-01,D08,CC802,A500,77927.21
20250301,2025-03-01,D08,CC802,A700,6571080.65
20250301,2025-03-01,D08,CC802,A800,104561.07
20250401,2025-04-01,D01,CC101,A200,399757.23
20250401,2025-04-01,D01,CC101,A210,91883.18
20250401,2025-04-01,D01,CC101,A310,108498.38
20250401,2025-04-01,D01,CC101,A400,75915.56
20250401,2025-04-01,D01,CC101,A500,35027.6
20250401,2025-04-01,D01,CC101,A800,60590.77
20250401,2025-04-01,D01,CC102,A100,2815209.35
20250401,2025-04-01,D01,CC102,A110,388188.45
20250401,2025-04-01,D01,CC102,A200,365007.48
20250401,2025-04-01,D01,CC102,A210,98570.67
20250401,2025-04-01,D01,CC102,A310,102577.49
20250401,2025-04-01,D01,CC102,A400,68046.73
20250401,2025-04-01,D01,CC102,A500,40616.24
20250401,2025-04-01,D01,CC102,A800,60347.03
20250401,2025-04-01,D02,CC201,A200,1091864.59
20250401,2025-04-01,D02,CC201,A210,329654.15
20250401,2025-04-01,D02,CC201,A300,425963.1
20250401,2025-04-01,D02,CC201,A400,198909.15
20250401,2025-04-01,D02,CC201,A500,99705.22
20250401,2025-04-01,D02,CC201,A700,8252840.82
20250401,2025-04-01,D02,CC201,A800,125050.57
20250401,2025-04-01,D02,CC202,A200,1237927.04
20250401,2025-04-01,D02,CC202,A210,267916.27
20250401,2025-04-01,D02,CC202,A300,363886.55
20250401,2025-04-01,D02,CC202,A310,283576.06
20250401,2025-04-01,D02,CC202,A400,192913.92
20250401,2025-04-01,D02,CC202,A500,95398.14
20250401,2025-04-01,D02,CC202,A700,7672825.21
20250401,2025-04-01,D02,CC202,A800,156433.25
20250401,2025-04-01,D03,CC301,A200,674745.82
20250401,2025-04-01,D03,CC301,A210,172754.76
20250401,2025-04-01,D03,CC301,A310,149458.82
20250401,2025-04-01,D03,CC301,A400,131463.08
20250401,2025-04-01,D03,CC301,A500,58636.8
20250401,2025-04-01,D03,CC301,A800,106051.95
20250401,2025-04-01,D04,CC401,A200,571203.83
20250401,2025-04-01,D04,CC401,A210,157486.3
20250401,2025-04-01,D04,CC401,A300,180325.6
20250401,2025-04-01,D04,CC401,A310,121287.27
20250401,2025-04-01,D04,CC401,A400,96727.51
20250401,2025-04-01,D04,CC401,A500,44994.39
20250401,2025-04-01,D04,CC401,A800,61529.07
20250401,2025-04-01,D05,CC501,A200,815498.82
20250401,2025-04-01,D05,CC501,A210,194545.0
20250401,2025-04-01,D05,CC501,A300,260773.31
20250401,2025-04-01,D05,CC501,A310,208450.11
20250401,2025-04-01,D05,CC501,A400,122179.61
20250401,2025-04-01,D05,CC501,A500,67363.84
20250401,2025-04-01,D05,CC501,A800,105523.25
20250401,2025-04-01,D05,CC502,A200,679449.71
20250401,2025-04-01,D05,CC502,A210,206073.22
20250401,2025-04-01,D05,CC502,A300,277885.98
20250401,2025-04-01,D05,CC502,A310,170252.28
20250401,2025-04-01,D05,CC502,A400,134082.19
20250401,2025-04-01,D05,CC502,A500,70315.34
20250401,2025-04-01,D05,CC502,A800,91376.65
20250401,2025-04-01,D06,CC601,A200,409540.37
20250401,2025-04-01,D06,CC601,A210,101761.74
20250401,2025-04-01,D06,CC601,A310,97643.52
20250401,2025-04-01,D06,CC601,A400,74859.63
20250401,2025-04-01,D06,CC601,A500,31456.24
20250401,2025-04-01,D06,CC601,A800,49443.58
20250401,2025-04-01,D07,CC701,A100,5681357.39
20250401,2025-04-01,D07,CC701,A110,961303.16
20250401,2025-04-01,D07,CC701,A200,569248.14
20250401,2025-04-01,D07,CC701,A210,142084.79
20250401,2025-04-01,D07,CC701,A300,196090.77
20250401,2025-04-01,D07,CC701,A400,106936.13
20250401,2025-04-01,D07,CC701,A500,51773.1
20250401,2025-04-01,D07,CC701,A600,270831.91
20250401,2025-04-01,D07,CC701,A800,73415.95
20250401,2025-04-01,D08,CC801,A200,851048.41
20250401,2025-04-01,D08,CC801,A210,209332.6
20250401,2025-04-01,D08,CC801,A310,205464.78
20250401,2025-04-01,D08,CC801,A400,142866.16
20250401,2025-04-01,D08,CC801,A500,65740.08
20250401,2025-04-01,D08,CC801,A700,6150773.07
20250401,2025-04-01,D08,CC801,A800,107664.92
20250401,2025-04-01,D08,CC802,A200,790037.56
20250401,2025-04-01,D08,CC802,A210,200555.7
20250401,2025-04-01,D08,CC802,A300,290889.04
20250401,2025-04-01,D08,CC802,A310,228287.23
20250401,2025-04-01,D08,CC802,A400,141977.19
20250401,2025-04-01,D08,CC802,A500,72542.12
20250401,2025-04-01,D08,CC802,A700,5727303.96
20250401,2025-04-01,D08,CC802,A800,104175.9
20250501,2025-05-01,D01,CC101,A200,413309.88
20250501,2025-05-01,D01,CC101,A210,103885.42
20250501,2025-05-01,D01,CC101,A310,101876.19
20250501,2025-05-01,D01,CC101,A400,80197.52
20250501,2025-05-01,D01,CC101,A500,33673.95
20250501,2025-05-01,D01,CC101,A800,59998.55
20250501,2025-05-01,D01,CC102,A100,2585930.87
20250501,2025-05-01,D01,CC102,A110,382209.91
20250501,2025-05-01,D01,CC102,A200,469695.17
20250501,2025-05-01,D01,CC102,A210,107458.34
20250501,2025-05-01,D01,CC102,A300,140315.08
20250501,2025-05-01,D01,CC102,A310,100520.3
20250501,2025-05-01,D01,CC102,A400,75617.52
20250501,2025-05-01,D01,CC102,A500,38487.55
20250501,2025-05-01,D01,CC102,A800,58404.51
20250501,2025-05-01,D02,CC201,A200,1112737.64
20250501,2025-05-01,D02,CC201,A210,323634.59
20250501,2025-05-01,D02,CC201,A310,284655.5
20250501,2025-05-01,D02,CC201,A400,208899.1
20250501,2025-05-01,D02,CC201,A500,101460.78
20250501,2025-05-01,D02,CC201,A700,8588456.21
20250501,2025-05-01,D02,CC201,A800,165018.48
20250501,2025-05-01,D02,CC202,A200,1034166.62
20250501,2025-05-01,D02,CC202,A210,344117.86
20250501,2025-05-01,D02,CC202,A400,220303.59
20250501,2025-05-01,D02,CC202,A500,96383.44
20250501,2025-05-01,D02,CC202,A700,9023085.14
20250501,2025-05-01,D02,CC202,A800,139892.48
20250501,2025-05-01,D03,CC301,A200,783207.34
20250501,2025-05-01,D03,CC301,A210,162169.45
20250501,2025-05-01,D03,CC301,A300,232511.31
20250501,2025-05-01,D03,CC301,A400,134331.68
20250501,2025-05-01,D03,CC301,A500,58597.76
20250501,2025-05-01,D03,CC301,A800,93270.31
20250501,2025-05-01,D04,CC401,A200,549467.2
20250501,2025-05-01,D04,CC401,A210,133355.79
20250501,2025-05-01,D04,CC401,A300,174865.72
20250501,2025-05-01,D04,CC401,A310,121547.45
20250501,2025-05-01,D04,CC401,A400,99245.22
20250501,2025-05-01,D04,CC401,A500,48070.06
20250501,2025-05-01,D04,CC401,A800,70625.02
20250501,2025-05-01,D05,CC501,A200,737052.27
20250501,2025-05-01,D05,CC501,A210,188373.59
20250501,2025-05-01,D05,CC501,A300,264419.56
20250501,2025-05-01,D05,CC501,A310,171768.42
20250501,2025-05-01,D05,CC501,A400,140824.73
20250501,2025-05-01,D05,CC501,A500,61428.83
20250501,2025-05-01,D05,CC501,A800,101013.61
20250501,2025-05-01,D05,CC502,A200,746677.23
20250501,2025-05-01,D05,CC502,A210,185643.68
20250501,2025-05-01,D05,CC502,A300,239739.27
20250501,2025-05-01,D05,CC502,A310,193941.56
20250501,2025-05-01,D05,CC502,A400,128840.37
20250501,2025-05-01,D05,CC502,A500,63049.9
20250501,2025-05-01,D05,CC502,A800,106925.51
20250501,2025-05-01,D06,CC601,A200,346833.57
20250501,2025-05-01,D06,CC601,A210,99205.75
20250501,2025-05-01,D06,CC601,A300,120098.64
20250501,2025-05-01,D06,CC601,A310,78255.33
20250501,2025-05-01,D06,CC601,A400,63604.94
20250501,2025-05-01,D06,CC601,A500,29259.4
20250501,2025-05-01,D06,CC601,A800,47231.22
20250501,2025-05-01,D07,CC701,A100,5397709.36
20250501,2025-05-01,D07,CC701,A110,868350.77
20250501,2025-05-01,D07,CC701,A200,624763.26
20250501,2025-05-01,D07,CC701,A210,152899.54
20250501,2025-05-01,D07,CC701,A310,137682.02
20250501,2025-05-01,D07,CC701,A400,113616.43
20250501,2025-05-01,D07,CC701,A500,53556.21
20250501,2025-05-01,D07,CC701,A600,266387.5
20250501,2025-05-01,D07,CC701,A800,83314.9
20250501,2025-05-01,D08,CC801,A200,808617.69
20250501,2025-05-01,D08,CC801,A210,221948.06
20250501,2025-05-01,D08,CC801,A300,291993.67
20250501,2025-05-01,D08,CC801,A310,200923.88
20250501,2025-05-01,D08,CC801,A400,150046.04
20250501,2025-05-01,D08,CC801,A500,60653.61
20250501,2025-05-01,D08,CC801,A700,6375482.09
20250501,2025-05-01,D08,CC801,A800,99433.47
20250501,2025-05-01,D08,CC802,A200,948564.44
20250501,2025-05-01,D08,CC802,A210,225628.93
20250501,2025-05-01,D08,CC802,A310,183798.23
20250501,2025-05-01,D08,CC802,A400,145006.23
20250501,2025-05-01,D08,CC802,A500,76982.21
20250501,2025-05-01,D08,CC802,A700,6603652.72
20250501,2025-05-01,D08,CC802,A800,120264.37
20250601,2025-06-01,D01,CC101,A200,422533.52
20250601,2025-06-01,D01,CC101,A210,109634.39
20250601,2025-06-01,D01,CC101,A310,107901.48
20250601,2025-06-01,D01,CC101,A400,77143.52
20250601,2025-06-01,D01,CC101,A500,35724.15
20250601,2025-06-01,D01,CC101,A800,56416.61
20250601,2025-06-01,D01,CC102,A100,2385294.48
20250601,2025-06-01,D01,CC102,A110,381143.65
20250601,2025-06-01,D01,CC102,A200,423955.88
20250601,2025-06-01,D01,CC102,A210,111354.57
20250601,2025-06-01,D01,CC102,A300,151129.03
20250601,2025-06-01,D01,CC102,A310,105911.64
20250601,2025-06-01,D01,CC102,A400,63167.85
20250601,2025-06-01,D01,CC102,A500,35313.31
20250601,2025-06-01,D01,CC102,A800,59592.47
20250601,2025-06-01,D02,CC201,A200,1127534.95
20250601,2025-06-01,D02,CC201,A210,273673.13
20250601,2025-06-01,D02,CC201,A300,431713.61
20250601,2025-06-01,D02,CC201,A310,281931.3
20250601,2025-06-01,D02,CC201,A400,191203.23
20250601,2025-06-01,D02,CC201,A500,97039.71
20250601,2025-06-01,D02,CC201,A700,9006359.26
20250601,2025-06-01,D02,CC201,A800,161503.34
20250601,2025-06-01,D02,CC202,A200,1125319.77
20250601,2025-06-01,D02,CC202,A210,317394.54
20250601,2025-06-01,D02,CC202,A300,405949.08
20250601,2025-06-01,D02,CC202,A310,277582.49
20250601,2025-06-01,D02,CC202,A400,224629.33
20250601,2025-06-01,D02,CC202,A500,105436.77
20250601,2025-06-01,D02,CC202,A700,8691147.53
20250601,2025-06-01,D02,CC202,A800,157504.37
20250601,2025-06-01,D03,CC301,A200,746602.47
20250601,2025-06-01,D03,CC301,A210,165095.8
20250601,2025-06-01,D03,CC301,A300,267102.62
20250601,2025-06-01,D03,CC301,A310,182144.34
20250601,2025-06-01,D03,CC301,A400,139479.11
20250601,2025-06-01,D03,CC301,A500,58541.88
20250601,2025-06-01,D03,CC301,A800,101452.57
20250601,2025-06-01,D04,CC401,A200,546281.86
20250601,2025-06-01,D04,CC401,A210,135477.79
20250601,2025-06-01,D04,CC401,A300,162376.01
20250601,2025-06-01,D04,CC401,A310,122792.47
20250601,2025-06-01,D04,CC401,A400,91987.98
20250601,2025-06-01,D04,CC401,A500,43357.67
20250601,2025-06-01,D04,CC401,A800,67142.0
20250601,2025-06-01,D05,CC501,A200,609171.26
20250601,2025-06-01,D05,CC501,A210,198652.17
20250601,2025-06-01,D05,CC501,A300,256061.39
20250601,2025-06-01,D05,CC501,A310,183721.01
20250601,2025-06-01,D05,CC501,A400,137429.6
20250601,2025-06-01,D05,CC501,A500,68744.17
20250601,2025-06-01,D05,CC501,A800,103287.57
20250601,2025-06-01,D05,CC502,A200,675661.63
20250601,2025-06-01,D05,CC502,A210,199681.86
20250601,2025-06-01,D05,CC502,A300,251445.19
20250601,2025-06-01,D05,CC502,A310,177112.46
20250601,2025-06-01,D05,CC502,A400,131680.45
20250601,2025-06-01,D05,CC502,A500,69487.11
20250601,2025-06-01,D05,CC502,A800,96205.73
20250601,2025-06-01,D06,CC601,A200,391338.26
20250601,2025-06-01,D06,CC601,A210,91499.43
20250601,2025-06-01,D06,CC601,A300,124593.98
20250601,2025-06-01,D06,CC601,A310,93237.12
20250601,2025-06-01,D06,CC601,A400,68658.49
20250601,2025-06-01,D06,CC601,A500,30591.66
20250601,2025-06-01,D06,CC601,A800,53590.91
20250601,2025-06-01,D07,CC701,A100,5776881.9
20250601,2025-06-01,D07,CC701,A110,839917.27
20250601,2025-06-01,D07,CC701,A200,532533.06
20250601,2025-06-01,D07,CC701,A210,152690.8
20250601,2025-06-01,D07,CC701,A300,178766.0
20250601,2025-06-01,D07,CC701,A310,149822.65
20250601,2025-06-01,D07,CC701,A400,96742.9
20250601,2025-06-01,D07,CC701,A500,47833.58
20250601,2025-06-01,D07,CC701,A600,254728.14
20250601,2025-06-01,D07,CC701,A800,71316.16
20250601,2025-06-01,D08,CC801,A200,852404.06
20250601,2025-06-01,D08,CC801,A210,203631.79
20250601,2025-06-01,D08,CC801,A310,197216.32
20250601,2025-06-01,D08,CC801,A400,161023.12
20250601,2025-06-01,D08,CC801,A500,68559.57
20250601,2025-06-01,D08,CC801,A700,6409146.21
20250601,2025-06-01,D08,CC801,A800,112774.94
20250601,2025-06-01,D08,CC802,A200,891641.18
20250601,2025-06-01,D08,CC802,A210,214245.51
20250601,2025-06-01,D08,CC802,A310,195669.07
20250601,2025-06-01,D08,CC802,A400,176462.21
20250601,2025-06-01,D08,CC802,A500,75775.85
20250601,2025-06-01,D08,CC802,A700,6774274.79
20250601,2025-06-01,D08,CC802,A800,108373.79
20250701,2025-07-01,D01,CC101,A200,429828.19
20250701,2025-07-01,D01,CC101,A210,105344.74
20250701,2025-07-01,D01,CC101,A300,139739.0
20250701,2025-07-01,D01,CC101,A310,93300.63
20250701,2025-07-01,D01,CC101,A400,83362.45
20250701,2025-07-01,D01,CC101,A500,38061.78
20250701,2025-07-01,D01,CC101,A800,55979.45
20250701,2025-07-01,D01,CC102,A100,2429127.13
20250701,2025-07-01,D01,CC102,A110,360623.18
20250701,2025-07-01,D01,CC102,A200,437548.43
20250701,2025-07-01,D01,CC102,A210,102029.62
20250701,2025-07-01,D01,CC102,A300,140195.47
20250701,2025-07-01,D01,CC102,A310,107331.53
20250701,2025-07-01,D01,CC102,A400,70550.45
20250701,2025-07-01,D01,CC102,A500,36359.72
20250701,2025-07-01,D01,CC102,A800,61639.38
20250701,2025-07-01,D02,CC201,A200,1117401.81
20250701,2025-07-01,D02,CC201,A210,253190.87
20250701,2025-07-01,D02,CC201,A300,365876.39
20250701,2025-07-01,D02,CC201,A310,263841.35
20250701,2025-07-01,D02,CC201,A400,234141.7
20250701,2025-07-01,D02,CC201,A500,101164.89
20250701,2025-07-01,D02,CC201,A700,8558924.21
20250701,2025-07-01,D02,CC201,A800,147373.85
20250701,2025-07-01,D02,CC202,A200,1227437.39
20250701,2025-07-01,D02,CC202,A210,308721.4
20250701,2025-07-01,D02,CC202,A310,291174.41
20250701,2025-07-01,D02,CC202,A400,213611.67
20250701,2025-07-01,D02,CC202,A500,96696.38
20250701,2025-07-01,D02,CC202,A700,8443074.88
20250701,2025-07-01,D02,CC202,A800,147952.97
20250701,2025-07-01,D03,CC301,A200,704231.57
20250701,2025-07-01,D03,CC301,A210,170254.05
20250701,2025-07-01,D03,CC301,A310,175391.52
20250701,2025-07-01,D03,CC301,A400,116412.46
20250701,2025-07-01,D03,CC301,A500,65707.9
20250701,2025-07-01,D03,CC301,A800,93227.23
20250701,2025-07-01,D04,CC401,A200,506564.36
20250701,2025-07-01,D04,CC401,A210,144451.31
20250701,2025-07-01,D04,CC401,A300,199659.52
20250701,2025-07-01,D04,CC401,A310,122844.97
20250701,2025-07-01,D04,CC401,A400,103754.11
20250701,2025-07-01,D04,CC401,A500,51291.62
20250701,2025-07-01,D04,CC401,A800,59570.94
20250701,2025-07-01,D05,CC501,A200,804675.44
20250701,2025-07-01,D05,CC501,A210,213742.41
20250701,2025-07-01,D05,CC501,A300,224124.9
20250701,2025-07-01,D05,CC501,A310,167694.39
20250701,2025-07-01,D05,CC501,A400,149951.38
20250701,2025-07-01,D05,CC501,A500,64331.32
20250701,2025-07-01,D05,CC501,A800,107458.44
20250701,2025-07-01,D05,CC502,A200,824429.67
20250701,2025-07-01,D05,CC502,A210,196260.04
20250701,2025-07-01,D05,CC502,A300,304494.52
20250701,2025-07-01,D05,CC502,A310,196925.12
20250701,2025-07-01,D05,CC502,A400,147215.62
20250701,2025-07-01,D05,CC502,A500,65420.96
20250701,2025-07-01,D05,CC502,A800,94430.16
20250701,2025-07-01,D06,CC601,A200,346490.12
20250701,2025-07-01,D06,CC601,A210,95080.43
20250701,2025-07-01,D06,CC601,A300,131029.67
20250701,2025-07-01,D06,CC601,A400,69889.57
20250701,2025-07-01,D06,CC601,A500,32462.13
20250701,2025-07-01,D06,CC601,A800,46432.74
20250701,2025-07-01,D07,CC701,A100,5560808.35
20250701,2025-07-01,D07,CC701,A110,905338.96
20250701,2025-07-01,D07,CC701,A200,605698.9
20250701,2025-07-01,D07,CC701,A210,143457.67
20250701,2025-07-01,D07,CC701,A300,203155.9
20250701,2025-07-01,D07,CC701,A310,138111.51
20250701,2025-07-01,D07,CC701,A400,114502.9
20250701,2025-07-01,D07,CC701,A500,48024.02
20250701,2025-07-01,D07,CC701,A600,243070.49
20250701,2025-07-01,D07,CC701,A800,80840.79
20250701,2025-07-01,D08,CC801,A200,920180.47
20250701,2025-07-01,D08,CC801,A210,240276.89
20250701,2025-07-01,D08,CC801,A310,203901.88
20250701,2025-07-01,D08,CC801,A400,148816.45
20250701,2025-07-01,D08,CC801,A500,70367.44
20250701,2025-07-01,D08,CC801,A700,6336158.43
20250701,2025-07-01,D08,CC801,A800,112005.72
20250701,2025-07-01,D08,CC802,A200,840943.87
20250701,2025-07-01,D08,CC802,A210,219067.46
20250701,2025-07-01,D08,CC802,A300,286340.68
20250701,2025-07-01,D08,CC802,A310,248574.61
20250701,2025-07-01,D08,CC802,A400,141877.04
20250701,2025-07-01,D08,CC802,A500,79987.83
20250701,2025-07-01,D08,CC802,A700,6694075.37
20250701,2025-07-01,D08,CC802,A800,119630.03
20250801,2025-08-01,D01,CC101,A200,399914.06
20250801,2025-08-01,D01,CC101,A210,109866.9
20250801,2025-08-01,D01,CC101,A300,143670.7
20250801,2025-08-01,D01,CC101,A400,76669.93
20250801,2025-08-01,D01,CC101,A500,32467.27
20250801,2025-08-01,D01,CC101,A800,55926.82
20250801,2025-08-01,D01,CC102,A100,2560844.41
20250801,2025-08-01,D01,CC102,A110,412086.12
20250801,2025-08-01,D01,CC102,A200,406317.87
20250801,2025-08-01,D01,CC102,A210,110092.65
20250801,2025-08-01,D01,CC102,A310,118488.64
20250801,2025-08-01,D01,CC102,A400,78917.97
20250801,2025-08-01,D01,CC102,A500,40161.02
20250801,2025-08-01,D01,CC102,A800,56690.25
20250801,2025-08-01,D02,CC201,A200,1050895.39
20250801,2025-08-01,D02,CC201,A210,301603.26
20250801,2025-08-01,D02,CC201,A300,400266.79
20250801,2025-08-01,D02,CC201,A310,311582.49
20250801,2025-08-01,D02,CC201,A400,178819.18
20250801,2025-08-01,D02,CC201,A500,93895.72
20250801,2025-08-01,D02,CC201,A700,8495424.3
20250801,2025-08-01,D02,CC201,A800,152227.76
20250801,2025-08-01,D02,CC202,A200,1191530.67
20250801,2025-08-01,D02,CC202,A210,321752.44
20250801,2025-08-01,D02,CC202,A300,422880.32
20250801,2025-08-01,D02,CC202,A400,231164.32
20250801,2025-08-01,D02,CC202,A500,97173.45
20250801,2025-08-01,D02,CC202,A700,8096065.23
20250801,2025-08-01,D02,CC202,A800,172122.84
20250801,2025-08-01,D03,CC301,A200,644775.84
20250801,2025-08-01,D03,CC301,A210,177250.35
20250801,2025-08-01,D03,CC301,A310,220027.93
20250801,2025-08-01,D03,CC301,A400,130692.52
20250801,2025-08-01,D03,CC301,A500,61839.31
20250801,2025-08-01,D03,CC301,A800,90658.2
20250801,2025-08-01,D04,CC401,A200,540568.96
20250801,2025-08-01,D04,CC401,A210,163144.03
20250801,2025-08-01,D04,CC401,A300,192991.27
20250801,2025-08-01,D04,CC401,A310,135638.55
20250801,2025-08-01,D04,CC401,A400,101613.42
20250801,2025-08-01,D04,CC401,A500,48044.37
20250801,2025-08-01,D04,CC401,A800,71721.07
20250801,2025-08-01,D05,CC501,A200,720708.68
20250801,2025-08-01,D05,CC501,A210,210177.03
20250801,2025-08-01,D05,CC501,A300,281028.06
20250801,2025-08-01,D05,CC501,A310,175753.93
20250801,2025-08-01,D05,CC501,A400,125342.76
20250801,2025-08-01,D05,CC501,A500,71042.85
20250801,2025-08-01,D05,CC501,A800,93099.24
20250801,2025-08-01,D05,CC502,A200,746471.6
20250801,2025-08-01,D05,CC502,A210,208640.09
20250801,2025-08-01,D05,CC502,A300,233065.2
20250801,2025-08-01,D05,CC502,A310,174231.88
20250801,2025-08-01,D05,CC502,A400,131706.47
20250801,2025-08-01,D05,CC502,A500,66981.54
20250801,2025-08-01,D05,CC502,A800,97971.27
20250801,2025-08-01,D06,CC601,A200,382575.12
20250801,2025-08-01,D06,CC601,A210,98352.78
20250801,2025-08-01,D06,CC601,A300,132572.7
20250801,2025-08-01,D06,CC601,A310,74683.33
20250801,2025-08-01,D06,CC601,A400,61126.28
20250801,2025-08-01,D06,CC601,A500,33271.67
20250801,2025-08-01,D06,CC601,A800,47484.07
20250801,2025-08-01,D07,CC701,A100,5455889.9
20250801,2025-08-01,D07,CC701,A110,880577.99
20250801,2025-08-01,D07,CC701,A200,573137.04
20250801,2025-08-01,D07,CC701,A210,165853.02
20250801,2025-08-01,D07,CC701,A400,111715.23
20250801,2025-08-01,D07,CC701,A500,57079.03
20250801,2025-08-01,D07,CC701,A600,269100.94
20250801,2025-08-01,D07,CC701,A800,79499.24
20250801,2025-08-01,D08,CC801,A200,819405.01
20250801,2025-08-01,D08,CC801,A210,228024.0
20250801,2025-08-01,D08,CC801,A310,217372.51
20250801,2025-08-01,D08,CC801,A400,184647.07
20250801,2025-08-01,D08,CC801,A500,62070.88
20250801,2025-08-01,D08,CC801,A700,5695099.47
20250801,2025-08-01,D08,CC801,A800,108437.31
20250801,2025-08-01,D08,CC802,A200,842175.07
20250801,2025-08-01,D08,CC802,A210,233300.11
20250801,2025-08-01,D08,CC802,A300,278732.71
20250801,2025-08-01,D08,CC802,A310,186435.68
20250801,2025-08-01,D08,CC802,A400,162301.31
20250801,2025-08-01,D08,CC802,A500,67114.4
20250801,2025-08-01,D08,CC802,A700,6361118.18
20250801,2025-08-01,D08,CC802,A800,111653.45
20250901,2025-09-01,D01,CC101,A200,440816.13
20250901,2025-09-01,D01,CC101,A210,109822.52
20250901,2025-09-01,D01,CC101,A300,136900.05
20250901,2025-09-01,D01,CC101,A310,104216.95
20250901,2025-09-01,D01,CC101,A400,86390.13
20250901,2025-09-01,D01,CC101,A500,38810.28
20250901,2025-09-01,D01,CC101,A800,56758.67
20250901,2025-09-01,D01,CC102,A100,2565434.53
20250901,2025-09-01,D01,CC102,A110,363559.84
20250901,2025-09-01,D01,CC102,A200,426169.65
20250901,2025-09-01,D01,CC102,A210,106433.39
20250901,2025-09-01,D01,CC102,A400,78200.89
20250901,2025-09-01,D01,CC102,A500,37039.6
20250901,2025-09-01,D01,CC102,A800,60666.9
20250901,2025-09-01,D02,CC201,A200,1140754.28
20250901,2025-09-01,D02,CC201,A210,298778.97
20250901,2025-09-01,D02,CC201,A300,381635.64
20250901,2025-09-01,D02,CC201,A310,275508.11
20250901,2025-09-01,D02,CC201,A400,230145.81
20250901,2025-09-01,D02,CC201,A500,91835.81
20250901,2025-09-01,D02,CC201,A700,9284020.87
20250901,2025-09-01,D02,CC201,A800,152764.53
20250901,2025-09-01,D02,CC202,A200,1182846.04
20250901,2025-09-01,D02,CC202,A210,277130.55
20250901,2025-09-01,D02,CC202,A310,294058.43
20250901,2025-09-01,D02,CC202,A400,205619.12
20250901,2025-09-01,D02,CC202,A500,107507.17
20250901,2025-09-01,D02,CC202,A700,8717910.6
20250901,2025-09-01,D02,CC202,A800,145554.63
20250901,2025-09-01,D03,CC301,A200,662407.75
20250901,2025-09-01,D03,CC301,A210,175548.66
20250901,2025-09-01,D03,CC301,A300,227088.21
20250901,2025-09-01,D03,CC301,A310,180683.18
20250901,2025-09-01,D03,CC301,A400,116053.38
20250901,2025-09-01,D03,CC301,A500,57134.08
20250901,2025-09-01,D03,CC301,A800,87110.56
20250901,2025-09-01,D04,CC401,A200,544549.51
20250901,2025-09-01,D04,CC401,A210,141252.25
20250901,2025-09-01,D04,CC401,A300,181520.81
20250901,2025-09-01,D04,CC401,A400,91325.38
20250901,2025-09-01,D04,CC401,A500,46296.19
20250901,2025-09-01,D04,CC401,A800,81405.56
20250901,2025-09-01,D05,CC501,A200,727576.53
20250901,2025-09-01,D05,CC501,A210,200487.8
20250901,2025-09-01,D05,CC501,A300,213505.19
20250901,2025-09-01,D05,CC501,A310,180009.3
20250901,2025-09-01,D05,CC501,A400,135388.04
20250901,2025-09-01,D05,CC501,A500,68560.06
20250901,2025-09-01,D05,CC501,A800,97092.04
20250901,2025-09-01,D05,CC502,A200,752003.53
20250901,2025-09-01,D05,CC502,A210,193160.34
20250901,2025-09-01,D05,CC502,A300,245779.2
20250901,2025-09-01,D05,CC502,A310,171937.35
20250901,2025-09-01,D05,CC502,A400,125542.54
20250901,2025-09-01,D05,CC502,A500,65169.07
20250901,2025-09-01,D05,CC502,A800,98123.61
20250901,2025-09-01,D06,CC601,A200,387190.67
20250901,2025-09-01,D06,CC601,A210,95392.54
20250901,2025-09-01,D06,CC601,A300,126162.84
20250901,2025-09-01,D06,CC601,A310,83865.01
20250901,2025-09-01,D06,CC601,A400,73671.06
20250901,2025-09-01,D06,CC601,A500,33848.55
20250901,2025-09-01,D06,CC601,A800,53128.81
20250901,2025-09-01,D07,CC701,A100,5539221.04
20250901,2025-09-01,D07,CC701,A110,821997.26
20250901,2025-09-01,D07,CC701,A200,532766.78
20250901,2025-09-01,D07,CC701,A210,153243.63
20250901,2025-09-01,D07,CC701,A400,108760.55
20250901,2025-09-01,D07,CC701,A500,53646.59
20250901,2025-09-01,D07,CC701,A600,266208.8
20250901,2025-09-01,D07,CC701,A800,86010.78
20250901,2025-09-01,D08,CC801,A200,825481.72
20250901,2025-09-01,D08,CC801,A210,207223.12
20250901,2025-09-01,D08,CC801,A300,292921.32
20250901,2025-09-01,D08,CC801,A400,151356.37
20250901,2025-09-01,D08,CC801,A500,63170.14
20250901,2025-09-01,D08,CC801,A700,6810025.47
20250901,2025-09-01,D08,CC801,A800,112041.98
20250901,2025-09-01,D08,CC802,A200,880391.2
20250901,2025-09-01,D08,CC802,A210,221522.78
20250901,2025-09-01,D08,CC802,A300,275617.84
20250901,2025-09-01,D08,CC802,A310,218568.72
20250901,2025-09-01,D08,CC802,A400,155155.28
20250901,2025-09-01,D08,CC802,A500,73066.39
20250901,2025-09-01,D08,CC802,A700,6583736.1
20250901,2025-09-01,D08,CC802,A800,120898.19
20251001,2025-10-01,D01,CC101,A200,419034.2
20251001,2025-10-01,D01,CC101,A210,105157.96
20251001,2025-10-01,D01,CC101,A300,130136.97
20251001,2025-10-01,D01,CC101,A400,80500.23
20251001,2025-10-01,D01,CC101,A500,38355.51
20251001,2025-10-01,D01,CC101,A800,54861.08
20251001,2025-10-01,D01,CC102,A100,2370372.25
20251001,2025-10-01,D01,CC102,A110,363204.31
20251001,2025-10-01,D01,CC102,A200,400719.39
20251001,2025-10-01,D01,CC102,A210,113914.68
20251001,2025-10-01,D01,CC102,A300,134696.05
20251001,2025-10-01,D01,CC102,A310,104483.01
20251001,2025-10-01,D01,CC102,A400,75715.57
20251001,2025-10-01,D01,CC102,A500,37067.92
20251001,2025-10-01,D01,CC102,A800,58259.42
20251001,2025-10-01,D02,CC201,A200,1285822.26
20251001,2025-10-01,D02,CC201,A210,311228.35
20251001,2025-10-01,D02,CC201,A300,380420.25
20251001,2025-10-01,D02,CC201,A400,214339.79
20251001,2025-10-01,D02,CC201,A500,92176.26
20251001,2025-10-01,D02,CC201,A700,8372331.29
20251001,2025-10-01,D02,CC201,A800,155284.64
20251001,2025-10-01,D02,CC202,A200,1183489.55
20251001,2025-10-01,D02,CC202,A210,310745.6
20251001,2025-10-01,D02,CC202,A300,432773.12
20251001,2025-10-01,D02,CC202,A310,281370.03
20251001,2025-10-01,D02,CC202,A400,218238.14
20251001,2025-10-01,D02,CC202,A500,110767.47
20251001,2025-10-01,D02,CC202,A700,8356550.7
20251001,2025-10-01,D02,CC202,A800,146614.57
20251001,2025-10-01,D03,CC301,A200,724646.29
20251001,2025-10-01,D03,CC301,A210,170567.68
20251001,2025-10-01,D03,CC301,A300,249520.44
20251001,2025-10-01,D03,CC301,A400,116196.32
20251001,2025-10-01,D03,CC301,A500,55498.01
20251001,2025-10-01,D03,CC301,A800,94436.33
20251001,2025-10-01,D04,CC401,A200,522327.09
20251001,2025-10-01,D04,CC401,A210,146679.01
20251001,2025-10-01,D04,CC401,A300,167228.61
20251001,2025-10-01,D04,CC401,A310,154170.17
20251001,2025-10-01,D04,CC401,A400,98342.74
20251001,2025-10-01,D04,CC401,A500,42317.35
20251001,2025-10-01,D04,CC401,A800,72912.92
20251001,2025-10-01,D05,CC501,A200,738436.15
20251001,2025-10-01,D05,CC501,A210,188285.58
20251001,2025-10-01,D05,CC501,A300,243742.03
20251001,2025-10-01,D05,CC501,A310,203535.86
20251001,2025-10-01,D05,CC501,A400,138790.88
20251001,2025-10-01,D05,CC501,A500,69627.62
20251001,2025-10-01,D05,CC501,A800,96204.21
20251001,2025-10-01,D05,CC502,A200,743759.28
20251001,2025-10-01,D05,CC502,A210,183400.7
20251001,2025-10-01,D05,CC502,A300,271674.74
20251001,2025-10-01,D05,CC502,A310,176538.17
20251001,2025-10-01,D05,CC502,A400,135834.5
20251001,2025-10-01,D05,CC502,A500,63569.33
20251001,2025-10-01,D05,CC502,A800,91189.93
20251001,2025-10-01,D06,CC601,A200,387047.45
20251001,2025-10-01,D06,CC601,A210,101631.07
20251001,2025-10-01,D06,CC601,A300,126597.15
20251001,2025-10-01,D06,CC601,A400,67047.06
20251001,2025-10-01,D06,CC601,A500,31513.36
20251001,2025-10-01,D06,CC601,A800,49548.72
20251001,2025-10-01,D07,CC701,A100,5816710.84
20251001,2025-10-01,D07,CC701,A110,822593.13
20251001,2025-10-01,D07,CC701,A200,663707.43
20251001,2025-10-01,D07,CC701,A210,142702.65
20251001,2025-10-01,D07,CC701,A310,127802.27
20251001,2025-10-01,D07,CC701,A400,104373.45
20251001,2025-10-01,D07,CC701,A500,49200.01
20251001,2025-10-01,D07,CC701,A600,258553.79
20251001,2025-10-01,D07,CC701,A800,87455.94
20251001,2025-10-01,D08,CC801,A200,886810.24
20251001,2025-10-01,D08,CC801,A210,226411.08
20251001,2025-10-01,D08,CC801,A310,220760.93
20251001,2025-10-01,D08,CC801,A400,144463.44
20251001,2025-10-01,D08,CC801,A500,66628.67
20251001,2025-10-01,D08,CC801,A700,6676533.89
20251001,2025-10-01,D08,CC801,A800,120899.42
20251001,2025-10-01,D08,CC802,A200,820544.8
20251001,2025-10-01,D08,CC802,A210,225618.0
20251001,2025-10-01,D08,CC802,A300,295023.7
20251001,2025-10-01,D08,CC802,A310,206866.64
20251001,2025-10-01,D08,CC802,A400,156388.25
20251001,2025-10-01,D08,CC802,A500,78049.24
20251001,2025-10-01,D08,CC802,A700,6003438.23
20251001,2025-10-01,D08,CC802,A800,116904.62
20251101,2025-11-01,D01,CC101,A200,470457.99
20251101,2025-11-01,D01,CC101,A210,115153.88
20251101,2025-11-01,D01,CC101,A400,73816.55
20251101,2025-11-01,D01,CC101,A500,37018.48
20251101,2025-11-01,D01,CC101,A800,55913.31
20251101,2025-11-01,D01,CC102,A100,2565393.31
20251101,2025-11-01,D01,CC102,A110,370442.99
20251101,2025-11-01,D01,CC102,A200,444191.96
20251101,2025-11-01,D01,CC102,A210,111366.35
20251101,2025-11-01,D01,CC102,A310,107088.39
20251101,2025-11-01,D01,CC102,A400,79046.72
20251101,2025-11-01,D01,CC102,A500,35876.16
20251101,2025-11-01,D01,CC102,A800,61738.18
20251101,2025-11-01,D02,CC201,A200,1109485.85
20251101,2025-11-01,D02,CC201,A210,317308.82
20251101,2025-11-01,D02,CC201,A300,448527.9
20251101,2025-11-01,D02,CC201,A310,291069.97
20251101,2025-11-01,D02,CC201,A400,200322.67
20251101,2025-11-01,D02,CC201,A500,100901.46
20251101,2025-11-01,D02,CC201,A700,8995286.39
20251101,2025-11-01,D02,CC201,A800,166206.18
20251101,2025-11-01,D02,CC202,A200,1253822.35
20251101,2025-11-01,D02,CC202,A210,265910.66
20251101,2025-11-01,D02,CC202,A300,388319.18
20251101,2025-11-01,D02,CC202,A400,218042.04
20251101,2025-11-01,D02,CC202,A500,95454.16
20251101,2025-11-01,D02,CC202,A700,8328313.17
20251101,2025-11-01,D02,CC202,A800,156829.84
20251101,2025-11-01,D03,CC301,A200,710390.85
20251101,2025-11-01,D03,CC301,A210,179893.92
20251101,2025-11-01,D03,CC301,A300,237567.33
20251101,2025-11-01,D03,CC301,A310,166220.41
20251101,2025-11-01,D03,CC301,A400,125221.06
20251101,2025-11-01,D03,CC301,A500,60862.03
20251101,2025-11-01,D03,CC301,A800,85210.83
20251101,2025-11-01,D04,CC401,A200,559657.97
20251101,2025-11-01,D04,CC401,A210,144534.89
20251101,2025-11-01,D04,CC401,A300,189566.06
20251101,2025-11-01,D04,CC401,A310,130638.21
20251101,2025-11-01,D04,CC401,A400,105765.49
20251101,2025-11-01,D04,CC401,A500,42515.12
20251101,2025-11-01,D04,CC401,A800,63631.0
20251101,2025-11-01,D05,CC501,A200,719775.4
20251101,2025-11-01,D05,CC501,A210,204395.12
20251101,2025-11-01,D05,CC501,A300,250828.27
20251101,2025-11-01,D05,CC501,A310,193587.48
20251101,2025-11-01,D05,CC501,A400,137693.12
20251101,2025-11-01,D05,CC501,A500,58703.36
20251101,2025-11-01,D05,CC501,A800,102150.1
20251101,2025-11-01,D05,CC502,A200,801810.76
20251101,2025-11-01,D05,CC502,A210,205917.54
20251101,2025-11-01,D05,CC502,A300,270112.13
20251101,2025-11-01,D05,CC502,A310,184745.5
20251101,2025-11-01,D05,CC502,A400,146530.43
20251101,2025-11-01,D05,CC502,A500,63776.06
20251101,2025-11-01,D05,CC502,A800,92554.78
20251101,2025-11-01,D06,CC601,A200,396611.19
20251101,2025-11-01,D06,CC601,A210,96243.06
20251101,2025-11-01,D06,CC601,A310,99948.81
20251101,2025-11-01,D06,CC601,A400,70742.98
20251101,2025-11-01,D06,CC601,A500,35894.19
20251101,2025-11-01,D06,CC601,A800,42403.84
20251101,2025-11-01,D07,CC701,A100,5994795.34
20251101,2025-11-01,D07,CC701,A110,926882.35
20251101,2025-11-01,D07,CC701,A200,587941.8
20251101,2025-11-01,D07,CC701,A210,136055.45
20251101,2025-11-01,D07,CC701,A300,203765.42
20251101,2025-11-01,D07,CC701,A400,112156.62
20251101,2025-11-01,D07,CC701,A500,57129.52
20251101,2025-11-01,D07,CC701,A600,262378.8
20251101,2025-11-01,D07,CC701,A800,69153.68
20251101,2025-11-01,D08,CC801,A200,837909.04
20251101,2025-11-01,D08,CC801,A210,220841.69
20251101,2025-11-01,D08,CC801,A310,220915.04
20251101,2025-11-01,D08,CC801,A400,136360.27
20251101,2025-11-01,D08,CC801,A500,66580.85
20251101,2025-11-01,D08,CC801,A700,7404900.23
20251101,2025-11-01,D08,CC801,A800,115701.77
20251101,2025-11-01,D08,CC802,A200,864942.56
20251101,2025-11-01,D08,CC802,A210,211478.32
20251101,2025-11-01,D08,CC802,A400,167964.85
20251101,2025-11-01,D08,CC802,A500,79042.67
20251101,2025-11-01,D08,CC802,A700,6468143.88
20251101,2025-11-01,D08,CC802,A800,116852.39
20251201,2025-12-01,D01,CC101,A200,425166.06
20251201,2025-12-01,D01,CC101,A210,113148.32
20251201,2025-12-01,D01,CC101,A300,161732.15
20251201,2025-12-01,D01,CC101,A400,77620.14
20251201,2025-12-01,D01,CC101,A500,35397.09
20251201,2025-12-01,D01,CC101,A800,63562.85
20251201,2025-12-01,D01,CC102,A100,2507030.06
20251201,2025-12-01,D01,CC102,A110,392367.98
20251201,2025-12-01,D01,CC102,A200,402310.9
20251201,2025-12-01,D01,CC102,A210,113182.58
20251201,2025-12-01,D01,CC102,A300,133418.08
20251201,2025-12-01,D01,CC102,A310,111157.32
20251201,2025-12-01,D01,CC102,A400,83054.1
20251201,2025-12-01,D01,CC102,A500,36274.0
20251201,2025-12-01,D01,CC102,A800,67123.26
20251201,2025-12-01,D02,CC201,A200,1201724.04
20251201,2025-12-01,D02,CC201,A210,324501.37
20251201,2025-12-01,D02,CC201,A300,413373.36
20251201,2025-12-01,D02,CC201,A310,319555.87
20251201,2025-12-01,D02,CC201,A400,213797.97
20251201,2025-12-01,D02,CC201,A500,106101.68
20251201,2025-12-01,D02,CC201,A700,8316751.34
20251201,2025-12-01,D02,CC201,A800,170383.16
20251201,2025-12-01,D02,CC202,A200,1315906.26
20251201,2025-12-01,D02,CC202,A210,323375.09
20251201,2025-12-01,D02,CC202,A300,390894.39
20251201,2025-12-01,D02,CC202,A310,311799.14
20251201,2025-12-01,D02,CC202,A400,192617.04
20251201,2025-12-01,D02,CC202,A500,102944.57
20251201,2025-12-01,D02,CC202,A700,8239297.22
20251201,2025-12-01,D02,CC202,A800,180233.82
20251201,2025-12-01,D03,CC301,A200,702539.23
20251201,2025-12-01,D03,CC301,A210,206408.08
20251201,2025-12-01,D03,CC301,A310,174689.13
20251201,2025-12-01,D03,CC301,A400,122451.79
20251201,2025-12-01,D03,CC301,A500,60028.74
20251201,2025-12-01,D03,CC301,A800,98482.89
20251201,2025-12-01,D04,CC401,A200,562087.47
20251201,2025-12-01,D04,CC401,A210,155631.08
20251201,2025-12-01,D04,CC401,A300,197946.86
20251201,2025-12-01,D04,CC401,A310,117411.86
20251201,2025-12-01,D04,CC401,A400,101666.83
20251201,2025-12-01,D04,CC401,A500,45068.23
20251201,2025-12-01,D04,CC401,A800,68529.01
20251201,2025-12-01,D05,CC501,A200,763398.72
20251201,2025-12-01,D05,CC501,A210,216027.09
20251201,2025-12-01,D05,CC501,A300,252939.75
20251201,2025-12-01,D05,CC501,A310,200008.97
20251201,2025-12-01,D05,CC501,A400,143210.48
20251201,2025-12-01,D05,CC501,A500,66657.02
20251201,2025-12-01,D05,CC501,A800,96885.92
20251201,2025-12-01,D05,CC502,A200,775733.32
20251201,2025-12-01,D05,CC502,A210,205010.73
20251201,2025-12-01,D05,CC502,A300,264464.25
20251201,2025-12-01,D05,CC502,A310,181138.34
20251201,2025-12-01,D05,CC502,A400,140142.27
20251201,2025-12-01,D05,CC502,A500,65750.7
20251201,2025-12-01,D05,CC502,A800,90516.0
20251201,2025-12-01,D06,CC601,A200,366793.63
20251201,2025-12-01,D06,CC601,A210,98222.07
20251201,2025-12-01,D06,CC601,A310,95843.14
20251201,2025-12-01,D06,CC601,A400,70993.6
20251201,2025-12-01,D06,CC601,A500,30723.95
20251201,2025-12-01,D06,CC601,A800,50850.81
20251201,2025-12-01,D07,CC701,A100,5295838.66
20251201,2025-12-01,D07,CC701,A110,835806.68
20251201,2025-12-01,D07,CC701,A200,615462.31
20251201,2025-12-01,D07,CC701,A210,168031.53
20251201,2025-12-01,D07,CC701,A300,197039.6
20251201,2025-12-01,D07,CC701,A310,157082.62
20251201,2025-12-01,D07,CC701,A400,110339.9
20251201,2025-12-01,D07,CC701,A500,52988.29
20251201,2025-12-01,D07,CC701,A600,278931.83
20251201,2025-12-01,D07,CC701,A800,86142.38
20251201,2025-12-01,D08,CC801,A200,904789.56
20251201,2025-12-01,D08,CC801,A210,225693.9
20251201,2025-12-01,D08,CC801,A400,158166.23
20251201,2025-12-01,D08,CC801,A500,64004.13
20251201,2025-12-01,D08,CC801,A700,6547647.96
20251201,2025-12-01,D08,CC801,A800,114540.29
20251201,2025-12-01,D08,CC802,A200,850861.88
20251201,2025-12-01,D08,CC802,A210,209427.16
20251201,2025-12-01,D08,CC802,A300,295638.54
20251201,2025-12-01,D08,CC802,A310,206715.26
20251201,2025-12-01,D08,CC802,A400,165380.48
20251201,2025-12-01,D08,CC802,A500,81758.77
20251201,2025-12-01,D08,CC802,A700,6382640.99
20251201,2025-12-01,D08,CC802,A800,109284.24
20260101,2026-01-01,D01,CC101,A200,435161.03
20260101,2026-01-01,D01,CC101,A210,109986.81
20260101,2026-01-01,D01,CC101,A310,99112.93
20260101,2026-01-01,D01,CC101,A400,74732.96
20260101,2026-01-01,D01,CC101,A500,35291.25
20260101,2026-01-01,D01,CC101,A800,57379.96
20260101,2026-01-01,D01,CC102,A100,2664784.97
20260101,2026-01-01,D01,CC102,A110,385196.93
20260101,2026-01-01,D01,CC102,A200,460966.34
20260101,2026-01-01,D01,CC102,A210,112168.14
20260101,2026-01-01,D01,CC102,A300,147656.17
20260101,2026-01-01,D01,CC102,A310,101710.66
20260101,2026-01-01,D01,CC102,A400,75072.35
20260101,2026-01-01,D01,CC102,A500,37266.35
20260101,2026-01-01,D01,CC102,A800,70461.82
20260101,2026-01-01,D02,CC201,A200,1178722.27
20260101,2026-01-01,D02,CC201,A210,297569.08
20260101,2026-01-01,D02,CC201,A300,444722.03
20260101,2026-01-01,D02,CC201,A310,271203.21
20260101,2026-01-01,D02,CC201,A400,207075.44
20260101,2026-01-01,D02,CC201,A500,114386.94
20260101,2026-01-01,D02,CC201,A700,9001589.86
20260101,2026-01-01,D02,CC201,A800,162726.64
20260101,2026-01-01,D02,CC202,A200,1263601.56
20260101,2026-01-01,D02,CC202,A210,327987.02
20260101,2026-01-01,D02,CC202,A310,320532.24
20260101,2026-01-01,D02,CC202,A400,222496.29
20260101,2026-01-01,D02,CC202,A500,108873.13
20260101,2026-01-01,D02,CC202,A700,9398268.16
20260101,2026-01-01,D02,CC202,A800,165335.77
20260101,2026-01-01,D03,CC301,A200,726237.52
20260101,2026-01-01,D03,CC301,A210,180991.76
20260101,2026-01-01,D03,CC301,A310,170926.3
20260101,2026-01-01,D03,CC301,A400,125496.43
20260101,2026-01-01,D03,CC301,A500,56284.72
20260101,2026-01-01,D03,CC301,A800,107045.83
20260101,2026-01-01,D04,CC401,A200,482474.68
20260101,2026-01-01,D04,CC401,A210,130299.57
20260101,2026-01-01,D04,CC401,A300,186794.44
20260101,2026-01-01,D04,CC401,A310,135834.53
20260101,2026-01-01,D04,CC401,A400,86918.93
20260101,2026-01-01,D04,CC401,A500,49125.28
20260101,2026-01-01,D04,CC401,A800,79034.82
20260101,2026-01-01,D05,CC501,A200,785863.56
20260101,2026-01-01,D05,CC501,A210,211715.27
20260101,2026-01-01,D05,CC501,A300,260635.21
20260101,2026-01-01,D05,CC501,A310,174429.57
20260101,2026-01-01,D05,CC501,A400,113873.64
20260101,2026-01-01,D05,CC501,A500,64755.3
20260101,2026-01-01,D05,CC501,A800,111981.17
20260101,2026-01-01,D05,CC502,A200,729771.1
20260101,2026-01-01,D05,CC502,A210,197151.13
20260101,2026-01-01,D05,CC502,A300,290957.01
20260101,2026-01-01,D05,CC502,A310,190576.01
20260101,2026-01-01,D05,CC502,A400,150335.57
20260101,2026-01-01,D05,CC502,A500,65653.37
20260101,2026-01-01,D05,CC502,A800,94584.58
20260101,2026-01-01,D06,CC601,A200,337677.18
20260101,2026-01-01,D06,CC601,A210,99394.94
20260101,2026-01-01,D06,CC601,A310,100989.03
20260101,2026-01-01,D06,CC601,A400,70792.6
20260101,2026-01-01,D06,CC601,A500,31054.39
20260101,2026-01-01,D06,CC601,A800,53815.19
20260101,2026-01-01,D07,CC701,A100,5998608.04
20260101,2026-01-01,D07,CC701,A110,929861.97
20260101,2026-01-01,D07,CC701,A200,538120.72
20260101,2026-01-01,D07,CC701,A210,140666.89
20260101,2026-01-01,D07,CC701,A310,142811.14
20260101,2026-01-01,D07,CC701,A400,111241.88
20260101,2026-01-01,D07,CC701,A500,53653.05
20260101,2026-01-01,D07,CC701,A600,253643.34
20260101,2026-01-01,D07,CC701,A800,75328.41
20260101,2026-01-01,D08,CC801,A200,844819.86
20260101,2026-01-01,D08,CC801,A210,222109.76
20260101,2026-01-01,D08,CC801,A300,306856.74
20260101,2026-01-01,D08,CC801,A310,186961.35
20260101,2026-01-01,D08,CC801,A400,143618.02
20260101,2026-01-01,D08,CC801,A500,79351.96
20260101,2026-01-01,D08,CC801,A700,5565868.35
20260101,2026-01-01,D08,CC801,A800,102625.73
20260101,2026-01-01,D08,CC802,A200,813431.33
20260101,2026-01-01,D08,CC802,A210,213429.66
20260101,2026-01-01,D08,CC802,A300,298106.54
20260101,2026-01-01,D08,CC802,A310,213427.23
20260101,2026-01-01,D08,CC802,A400,145941.23
20260101,2026-01-01,D08,CC802,A500,67902.97
20260101,2026-01-01,D08,CC802,A700,6923445.06
20260101,2026-01-01,D08,CC802,A800,108875.7
20260201,2026-02-01,D01,CC101,A200,370436.81
20260201,2026-02-01,D01,CC101,A210,119582.76
20260201,2026-02-01,D01,CC101,A300,156997.24
20260201,2026-02-01,D01,CC101,A310,102525.24
20260201,2026-02-01,D01,CC101,A400,80385.47
20260201,2026-02-01,D01,CC101,A500,37770.76
20260201,2026-02-01,D01,CC101,A800,61907.1
20260201,2026-02-01,D01,CC102,A100,2827178.09
20260201,2026-02-01,D01,CC102,A110,426112.92
20260201,2026-02-01,D01,CC102,A200,433853.74
20260201,2026-02-01,D01,CC102,A210,110502.68
20260201,2026-02-01,D01,CC102,A300,152118.34
20260201,2026-02-01,D01,CC102,A310,103802.91
20260201,2026-02-01,D01,CC102,A400,79379.86
20260201,2026-02-01,D01,CC102,A500,39174.29
20260201,2026-02-01,D01,CC102,A800,62020.89
20260201,2026-02-01,D02,CC201,A200,1245918.08
20260201,2026-02-01,D02,CC201,A210,301287.49
20260201,2026-02-01,D02,CC201,A300,393474.2
20260201,2026-02-01,D02,CC201,A310,265674.92
20260201,2026-02-01,D02,CC201,A400,221968.84
20260201,2026-02-01,D02,CC201,A500,106480.99
20260201,2026-02-01,D02,CC201,A700,8661709.53
20260201,2026-02-01,D02,CC201,A800,172990.2
20260201,2026-02-01,D02,CC202,A200,1160529.09
20260201,2026-02-01,D02,CC202,A210,318846.06
20260201,2026-02-01,D02,CC202,A310,280195.51
20260201,2026-02-01,D02,CC202,A400,210121.32
20260201,2026-02-01,D02,CC202,A500,104345.31
20260201,2026-02-01,D02,CC202,A700,8200371.68
20260201,2026-02-01,D02,CC202,A800,167365.52
20260201,2026-02-01,D03,CC301,A200,688094.73
20260201,2026-02-01,D03,CC301,A210,174781.77
20260201,2026-02-01,D03,CC301,A300,247868.84
20260201,2026-02-01,D03,CC301,A310,183339.72
20260201,2026-02-01,D03,CC301,A400,138767.57
20260201,2026-02-01,D03,CC301,A500,65749.53
20260201,2026-02-01,D03,CC301,A800,89108.97
20260201,2026-02-01,D04,CC401,A200,550306.2
20260201,2026-02-01,D04,CC401,A210,139765.53
20260201,2026-02-01,D04,CC401,A300,156852.2
20260201,2026-02-01,D04,CC401,A400,99620.16
20260201,2026-02-01,D04,CC401,A500,41967.86
20260201,2026-02-01,D04,CC401,A800,72259.18
20260201,2026-02-01,D05,CC501,A200,673319.77
20260201,2026-02-01,D05,CC501,A210,172706.19
20260201,2026-02-01,D05,CC501,A300,280380.4
20260201,2026-02-01,D05,CC501,A310,191668.44
20260201,2026-02-01,D05,CC501,A400,127916.75
20260201,2026-02-01,D05,CC501,A500,66062.41
20260201,2026-02-01,D05,CC501,A800,101402.86
20260201,2026-02-01,D05,CC502,A200,691601.07
20260201,2026-02-01,D05,CC502,A210,191127.33
20260201,2026-02-01,D05,CC502,A300,303723.78
20260201,2026-02-01,D05,CC502,A310,184219.26
20260201,2026-02-01,D05,CC502,A400,132949.84
20260201,2026-02-01,D05,CC502,A500,61252.61
20260201,2026-02-01,D05,CC502,A800,107828.76
20260201,2026-02-01,D06,CC601,A200,320583.22
20260201,2026-02-01,D06,CC601,A210,86490.55
20260201,2026-02-01,D06,CC601,A300,123633.77
20260201,2026-02-01,D06,CC601,A310,95233.11
20260201,2026-02-01,D06,CC601,A400,58651.94
20260201,2026-02-01,D06,CC601,A500,30642.52
20260201,2026-02-01,D06,CC601,A800,47691.97
20260201,2026-02-01,D07,CC701,A100,5742612.27
20260201,2026-02-01,D07,CC701,A110,970253.12
20260201,2026-02-01,D07,CC701,A200,637761.51
20260201,2026-02-01,D07,CC701,A210,161355.18
20260201,2026-02-01,D07,CC701,A300,194235.44
20260201,2026-02-01,D07,CC701,A400,102573.54
20260201,2026-02-01,D07,CC701,A500,55550.06
20260201,2026-02-01,D07,CC701,A600,235297.32
20260201,2026-02-01,D07,CC701,A800,73833.79
20260201,2026-02-01,D08,CC801,A200,786497.31
20260201,2026-02-01,D08,CC801,A210,222499.33
20260201,2026-02-01,D08,CC801,A400,151216.1
20260201,2026-02-01,D08,CC801,A500,83103.36
20260201,2026-02-01,D08,CC801,A700,6246591.41
20260201,2026-02-01,D08,CC801,A800,110712.18
20260201,2026-02-01,D08,CC802,A200,885083.12
20260201,2026-02-01,D08,CC802,A210,209912.19
20260201,2026-02-01,D08,CC802,A300,297555.38
20260201,2026-02-01,D08,CC802,A310,198045.88
20260201,2026-02-01,D08,CC802,A400,165378.18
20260201,2026-02-01,D08,CC802,A500,79918.84
20260201,2026-02-01,D08,CC802,A700,6446543.93
20260201,2026-02-01,D08,CC802,A800,114486.77
20260301,2026-03-01,D01,CC101,A200,405679.02
20260301,2026-03-01,D01,CC101,A210,101219.68
20260301,2026-03-01,D01,CC101,A300,160086.37
20260301,2026-03-01,D01,CC101,A310,114437.66
20260301,2026-03-01,D01,CC101,A400,77799.59
20260301,2026-03-01,D01,CC101,A500,38832.52
20260301,2026-03-01,D01,CC101,A800,56880.34
20260301,2026-03-01,D01,CC102,A100,2894284.73
20260301,2026-03-01,D01,CC102,A110,409173.6
20260301,2026-03-01,D01,CC102,A200,512071.61
20260301,2026-03-01,D01,CC102,A210,106111.22
20260301,2026-03-01,D01,CC102,A300,155647.23
20260301,2026-03-01,D01,CC102,A400,77026.46
20260301,2026-03-01,D01,CC102,A500,35680.15
20260301,2026-03-01,D01,CC102,A800,55803.62
20260301,2026-03-01,D02,CC201,A200,1128009.62
20260301,2026-03-01,D02,CC201,A210,300180.85
20260301,2026-03-01,D02,CC201,A400,224252.3
20260301,2026-03-01,D02,CC201,A500,100594.17
20260301,2026-03-01,D02,CC201,A700,8812729.26
20260301,2026-03-01,D02,CC201,A800,153967.94
20260301,2026-03-01,D02,CC202,A200,1176637.24
20260301,2026-03-01,D02,CC202,A210,291875.04
20260301,2026-03-01,D02,CC202,A300,395695.33
20260301,2026-03-01,D02,CC202,A400,229549.83
20260301,2026-03-01,D02,CC202,A500,113647.16
20260301,2026-03-01,D02,CC202,A700,9033039.93
20260301,2026-03-01,D02,CC202,A800,178823.89
20260301,2026-03-01,D03,CC301,A200,700245.47
20260301,2026-03-01,D03,CC301,A210,185140.15
20260301,2026-03-01,D03,CC301,A300,233715.39
20260301,2026-03-01,D03,CC301,A310,182213.0
20260301,2026-03-01,D03,CC301,A400,137166.53
20260301,2026-03-01,D03,CC301,A500,59484.0
20260301,2026-03-01,D03,CC301,A800,85998.59
20260301,2026-03-01,D04,CC401,A200,523629.61
20260301,2026-03-01,D04,CC401,A210,134199.94
20260301,2026-03-01,D04,CC401,A300,200141.51
20260301,2026-03-01,D04,CC401,A310,134490.62
20260301,2026-03-01,D04,CC401,A400,104852.43
20260301,2026-03-01,D04,CC401,A500,45605.59
20260301,2026-03-01,D04,CC401,A800,71203.38
20260301,2026-03-01,D05,CC501,A200,796032.49
20260301,2026-03-01,D05,CC501,A210,197473.73
20260301,2026-03-01,D05,CC501,A300,259822.59
20260301,2026-03-01,D05,CC501,A310,188508.61
20260301,2026-03-01,D05,CC501,A400,148471.5
20260301,2026-03-01,D05,CC501,A500,65953.62
20260301,2026-03-01,D05,CC501,A800,96391.03
20260301,2026-03-01,D05,CC502,A200,737509.36
20260301,2026-03-01,D05,CC502,A210,179571.98
20260301,2026-03-01,D05,CC502,A300,257734.33
20260301,2026-03-01,D05,CC502,A310,179140.02
20260301,2026-03-01,D05,CC502,A400,134379.69
20260301,2026-03-01,D05,CC502,A500,67740.59
20260301,2026-03-01,D05,CC502,A800,95164.48
20260301,2026-03-01,D06,CC601,A200,388104.14
20260301,2026-03-01,D06,CC601,A210,88039.4
20260301,2026-03-01,D06,CC601,A300,130071.07
20260301,2026-03-01,D06,CC601,A400,71278.23
20260301,2026-03-01,D06,CC601,A500,32679.08
20260301,2026-03-01,D06,CC601,A800,45670.06
20260301,2026-03-01,D07,CC701,A100,5594683.9
20260301,2026-03-01,D07,CC701,A110,877055.91
20260301,2026-03-01,D07,CC701,A200,607869.71
20260301,2026-03-01,D07,CC701,A210,163751.15
20260301,2026-03-01,D07,CC701,A300,222100.69
20260301,2026-03-01,D07,CC701,A310,149281.53
20260301,2026-03-01,D07,CC701,A400,111415.76
20260301,2026-03-01,D07,CC701,A500,51873.2
20260301,2026-03-01,D07,CC701,A600,252640.46
20260301,2026-03-01,D07,CC701,A800,83197.0
20260301,2026-03-01,D08,CC801,A200,868990.29
20260301,2026-03-01,D08,CC801,A210,232879.39
20260301,2026-03-01,D08,CC801,A300,312673.74
20260301,2026-03-01,D08,CC801,A400,161459.61
20260301,2026-03-01,D08,CC801,A500,80713.13
20260301,2026-03-01,D08,CC801,A700,6901686.17
20260301,2026-03-01,D08,CC801,A800,103896.27
20260301,2026-03-01,D08,CC802,A200,842428.67
20260301,2026-03-01,D08,CC802,A210,215729.6
20260301,2026-03-01,D08,CC802,A300,300873.93
20260301,2026-03-01,D08,CC802,A310,213020.96
20260301,2026-03-01,D08,CC802,A400,166559.17
20260301,2026-03-01,D08,CC802,A500,73880.76
20260301,2026-03-01,D08,CC802,A700,5811622.09
20260301,2026-03-01,D08,CC802,A800,120257.71
20260401,2026-04-01,D01,CC101,A200,442342.39
20260401,2026-04-01,D01,CC101,A210,103139.98
20260401,2026-04-01,D01,CC101,A300,139417.5
20260401,2026-04-01,D01,CC101,A400,81115.54
20260401,2026-04-01,D01,CC101,A500,42406.78
20260401,2026-04-01,D01,CC101,A800,54677.16
20260401,2026-04-01,D01,CC102,A100,2602666.71
20260401,2026-04-01,D01,CC102,A110,436910.4
20260401,2026-04-01,D01,CC102,A200,361555.79
20260401,2026-04-01,D01,CC102,A210,117376.72
20260401,2026-04-01,D01,CC102,A300,154209.98
20260401,2026-04-01,D01,CC102,A310,105880.83
20260401,2026-04-01,D01,CC102,A400,74656.68
20260401,2026-04-01,D01,CC102,A500,43167.09
20260401,2026-04-01,D01,CC102,A800,54187.94
20260401,2026-04-01,D02,CC201,A200,1231511.76
20260401,2026-04-01,D02,CC201,A210,293207.3
20260401,2026-04-01,D02,CC201,A300,378027.33
20260401,2026-04-01,D02,CC201,A310,316819.76
20260401,2026-04-01,D02,CC201,A400,219871.48
20260401,2026-04-01,D02,CC201,A500,110035.95
20260401,2026-04-01,D02,CC201,A700,9306556.11
20260401,2026-04-01,D02,CC201,A800,152051.67
20260401,2026-04-01,D02,CC202,A200,1211625.48
20260401,2026-04-01,D02,CC202,A210,332168.39
20260401,2026-04-01,D02,CC202,A300,377561.45
20260401,2026-04-01,D02,CC202,A310,271454.59
20260401,2026-04-01,D02,CC202,A400,213817.44
20260401,2026-04-01,D02,CC202,A500,96369.85
20260401,2026-04-01,D02,CC202,A700,8857015.38
20260401,2026-04-01,D02,CC202,A800,166569.42
20260401,2026-04-01,D03,CC301,A200,778513.89
20260401,2026-04-01,D03,CC301,A210,197134.85
20260401,2026-04-01,D03,CC301,A300,238020.59
20260401,2026-04-01,D03,CC301,A310,165305.1
20260401,2026-04-01,D03,CC301,A400,130144.26
20260401,2026-04-01,D03,CC301,A500,65940.92
20260401,2026-04-01,D03,CC301,A800,87223.39
20260401,2026-04-01,D04,CC401,A200,571675.41
20260401,2026-04-01,D04,CC401,A210,139129.7
20260401,2026-04-01,D04,CC401,A310,121339.16
20260401,2026-04-01,D04,CC401,A400,82610.88
20260401,2026-04-01,D04,CC401,A500,47284.89
20260401,2026-04-01,D04,CC401,A800,64764.28
20260401,2026-04-01,D05,CC501,A200,796039.22
20260401,2026-04-01,D05,CC501,A210,220495.93
20260401,2026-04-01,D05,CC501,A300,280379.1
20260401,2026-04-01,D05,CC501,A310,201708.71
20260401,2026-04-01,D05,CC501,A400,121803.06
20260401,2026-04-01,D05,CC501,A500,66642.09
20260401,2026-04-01,D05,CC501,A800,114684.2
20260401,2026-04-01,D05,CC502,A200,669931.65
20260401,2026-04-01,D05,CC502,A210,165991.13
20260401,2026-04-01,D05,CC502,A300,268054.88
20260401,2026-04-01,D05,CC502,A310,188364.04
20260401,2026-04-01,D05,CC502,A400,127860.14
20260401,2026-04-01,D05,CC502,A500,60018.86
20260401,2026-04-01,D05,CC502,A800,99638.39
20260401,2026-04-01,D06,CC601,A200,367091.42
20260401,2026-04-01,D06,CC601,A210,97691.73
20260401,2026-04-01,D06,CC601,A300,131334.56
20260401,2026-04-01,D06,CC601,A400,74438.36
20260401,2026-04-01,D06,CC601,A500,31044.88
20260401,2026-04-01,D06,CC601,A800,53585.92
20260401,2026-04-01,D07,CC701,A100,5743459.24
20260401,2026-04-01,D07,CC701,A110,906692.68
20260401,2026-04-01,D07,CC701,A200,584520.42
20260401,2026-04-01,D07,CC701,A210,148788.68
20260401,2026-04-01,D07,CC701,A300,209125.52
20260401,2026-04-01,D07,CC701,A400,109885.69
20260401,2026-04-01,D07,CC701,A500,54474.52
20260401,2026-04-01,D07,CC701,A600,263681.91
20260401,2026-04-01,D07,CC701,A800,81499.93
20260401,2026-04-01,D08,CC801,A200,817857.31
20260401,2026-04-01,D08,CC801,A210,227952.0
20260401,2026-04-01,D08,CC801,A300,316875.4
20260401,2026-04-01,D08,CC801,A400,153578.8
20260401,2026-04-01,D08,CC801,A500,74432.71
20260401,2026-04-01,D08,CC801,A700,6713780.32
20260401,2026-04-01,D08,CC801,A800,126923.0
20260401,2026-04-01,D08,CC802,A200,874151.16
20260401,2026-04-01,D08,CC802,A210,252563.11
20260401,2026-04-01,D08,CC802,A310,214933.12
20260401,2026-04-01,D08,CC802,A400,155109.03
20260401,2026-04-01,D08,CC802,A500,70196.72
20260401,2026-04-01,D08,CC802,A700,6418394.18
20260401,2026-04-01,D08,CC802,A800,121051.99
20260501,2026-05-01,D01,CC101,A200,414674.49
20260501,2026-05-01,D01,CC101,A210,116392.18
20260501,2026-05-01,D01,CC101,A310,112607.29
20260501,2026-05-01,D01,CC101,A400,78234.81
20260501,2026-05-01,D01,CC101,A500,36474.26
20260501,2026-05-01,D01,CC101,A800,58234.94
20260501,2026-05-01,D01,CC102,A100,2695293.19
20260501,2026-05-01,D01,CC102,A110,362363.69
20260501,2026-05-01,D01,CC102,A200,434742.12
20260501,2026-05-01,D01,CC102,A210,105411.26
20260501,2026-05-01,D01,CC102,A400,79653.16
20260501,2026-05-01,D01,CC102,A500,36977.69
20260501,2026-05-01,D01,CC102,A800,58464.17
20260501,2026-05-01,D02,CC201,A200,1141333.53
20260501,2026-05-01,D02,CC201,A210,299721.08
20260501,2026-05-01,D02,CC201,A400,226924.88
20260501,2026-05-01,D02,CC201,A500,102761.85
20260501,2026-05-01,D02,CC201,A700,8902709.99
20260501,2026-05-01,D02,CC201,A800,174071.88
20260501,2026-05-01,D02,CC202,A200,1202417.87
20260501,2026-05-01,D02,CC202,A210,311784.6
20260501,2026-05-01,D02,CC202,A300,390705.51
20260501,2026-05-01,D02,CC202,A310,272832.81
20260501,2026-05-01,D02,CC202,A400,211212.92
20260501,2026-05-01,D02,CC202,A500,116722.69
20260501,2026-05-01,D02,CC202,A700,8988150.83
20260501,2026-05-01,D02,CC202,A800,174563.31
20260501,2026-05-01,D03,CC301,A200,670724.5
20260501,2026-05-01,D03,CC301,A210,189182.87
20260501,2026-05-01,D03,CC301,A300,247850.66
20260501,2026-05-01,D03,CC301,A310,200873.35
20260501,2026-05-01,D03,CC301,A400,107874.47
20260501,2026-05-01,D03,CC301,A500,58756.69
20260501,2026-05-01,D03,CC301,A800,97004.54
20260501,2026-05-01,D04,CC401,A200,538148.29
20260501,2026-05-01,D04,CC401,A210,158851.25
20260501,2026-05-01,D04,CC401,A300,177179.69
20260501,2026-05-01,D04,CC401,A310,130799.65
20260501,2026-05-01,D04,CC401,A400,92606.34
20260501,2026-05-01,D04,CC401,A500,42090.97
20260501,2026-05-01,D04,CC401,A800,75853.41
20260501,2026-05-01,D05,CC501,A200,909785.51
20260501,2026-05-01,D05,CC501,A210,194520.0
20260501,2026-05-01,D05,CC501,A300,267543.23
20260501,2026-05-01,D05,CC501,A310,178647.93
20260501,2026-05-01,D05,CC501,A400,133540.94
20260501,2026-05-01,D05,CC501,A500,68784.3
20260501,2026-05-01,D05,CC501,A800,99304.38
20260501,2026-05-01,D05,CC502,A200,827618.69
20260501,2026-05-01,D05,CC502,A210,207837.05
20260501,2026-05-01,D05,CC502,A300,280016.16
20260501,2026-05-01,D05,CC502,A310,187653.7
20260501,2026-05-01,D05,CC502,A400,126650.83
20260501,2026-05-01,D05,CC502,A500,68080.15
20260501,2026-05-01,D05,CC502,A800,107688.81
20260501,2026-05-01,D06,CC601,A200,404252.36
20260501,2026-05-01,D06,CC601,A210,89600.5
20260501,2026-05-01,D06,CC601,A300,132374.42
20260501,2026-05-01,D06,CC601,A310,82681.7
20260501,2026-05-01,D06,CC601,A400,70361.55
20260501,2026-05-01,D06,CC601,A500,33798.72
20260501,2026-05-01,D06,CC601,A800,50359.1
20260501,2026-05-01,D07,CC701,A100,5547985.0
20260501,2026-05-01,D07,CC701,A110,915340.99
20260501,2026-05-01,D07,CC701,A200,596605.78
20260501,2026-05-01,D07,CC701,A210,153377.98
20260501,2026-05-01,D07,CC701,A310,141283.82
20260501,2026-05-01,D07,CC701,A400,104020.35
20260501,2026-05-01,D07,CC701,A500,47846.23
20260501,2026-05-01,D07,CC701,A600,275716.67
20260501,2026-05-01,D07,CC701,A800,86162.21
20260501,2026-05-01,D08,CC801,A200,842915.4
20260501,2026-05-01,D08,CC801,A210,224197.63
20260501,2026-05-01,D08,CC801,A310,209759.19
20260501,2026-05-01,D08,CC801,A400,156202.85
20260501,2026-05-01,D08,CC801,A500,73098.39
20260501,2026-05-01,D08,CC801,A700,7287348.34
20260501,2026-05-01,D08,CC801,A800,115327.27
20260501,2026-05-01,D08,CC802,A200,921269.13
20260501,2026-05-01,D08,CC802,A210,189069.71
20260501,2026-05-01,D08,CC802,A300,333014.96
20260501,2026-05-01,D08,CC802,A400,151412.41
20260501,2026-05-01,D08,CC802,A500,86147.87
20260501,2026-05-01,D08,CC802,A700,6900900.78
20260501,2026-05-01,D08,CC802,A800,112491.41
20260601,2026-06-01,D01,CC101,A200,454581.82
20260601,2026-06-01,D01,CC101,A210,119279.71
20260601,2026-06-01,D01,CC101,A310,120124.22
20260601,2026-06-01,D01,CC101,A400,70896.89
20260601,2026-06-01,D01,CC101,A500,38648.98
20260601,2026-06-01,D01,CC101,A800,58260.77
20260601,2026-06-01,D01,CC102,A100,2582279.7
20260601,2026-06-01,D01,CC102,A110,395470.32
20260601,2026-06-01,D01,CC102,A200,396866.87
20260601,2026-06-01,D01,CC102,A210,114518.37
20260601,2026-06-01,D01,CC102,A310,117425.54
20260601,2026-06-01,D01,CC102,A400,77633.89
20260601,2026-06-01,D01,CC102,A500,33275.57
20260601,2026-06-01,D01,CC102,A800,59492.8
20260601,2026-06-01,D02,CC201,A200,1170462.21
20260601,2026-06-01,D02,CC201,A210,302520.22
20260601,2026-06-01,D02,CC201,A310,299723.68
20260601,2026-06-01,D02,CC201,A400,234582.72
20260601,2026-06-01,D02,CC201,A500,96617.93
20260601,2026-06-01,D02,CC201,A700,9293040.52
20260601,2026-06-01,D02,CC201,A800,147106.84
20260601,2026-06-01,D02,CC202,A200,1154584.88
20260601,2026-06-01,D02,CC202,A210,354987.21
20260601,2026-06-01,D02,CC202,A300,394759.71
20260601,2026-06-01,D02,CC202,A400,217067.37
20260601,2026-06-01,D02,CC202,A500,98063.53
20260601,2026-06-01,D02,CC202,A700,10306813.84
20260601,2026-06-01,D02,CC202,A800,174741.41
20260601,2026-06-01,D03,CC301,A200,594928.57
20260601,2026-06-01,D03,CC301,A210,180231.31
20260601,2026-06-01,D03,CC301,A300,254856.85
20260601,2026-06-01,D03,CC301,A310,193326.58
20260601,2026-06-01,D03,CC301,A400,135399.06
20260601,2026-06-01,D03,CC301,A500,65330.16
20260601,2026-06-01,D03,CC301,A800,98212.95
20260601,2026-06-01,D04,CC401,A200,566091.43
20260601,2026-06-01,D04,CC401,A210,133637.43
20260601,2026-06-01,D04,CC401,A300,182713.17
20260601,2026-06-01,D04,CC401,A310,141624.99
20260601,2026-06-01,D04,CC401,A400,97513.79
20260601,2026-06-01,D04,CC401,A500,43761.97
20260601,2026-06-01,D04,CC401,A800,74294.23
20260601,2026-06-01,D05,CC501,A200,866511.45
20260601,2026-06-01,D05,CC501,A210,197064.98
20260601,2026-06-01,D05,CC501,A300,259081.35
20260601,2026-06-01,D05,CC501,A310,188243.16
20260601,2026-06-01,D05,CC501,A400,135000.68
20260601,2026-06-01,D05,CC501,A500,68951.95
20260601,2026-06-01,D05,CC501,A800,93192.99
20260601,2026-06-01,D05,CC502,A200,803885.29
20260601,2026-06-01,D05,CC502,A210,189898.33
20260601,2026-06-01,D05,CC502,A300,259704.65
20260601,2026-06-01,D05,CC502,A310,183975.96
20260601,2026-06-01,D05,CC502,A400,133630.08
20260601,2026-06-01,D05,CC502,A500,71670.36
20260601,2026-06-01,D05,CC502,A800,102083.08
20260601,2026-06-01,D06,CC601,A200,427671.08
20260601,2026-06-01,D06,CC601,A210,98568.75
20260601,2026-06-01,D06,CC601,A300,140672.66
20260601,2026-06-01,D06,CC601,A310,90731.22
20260601,2026-06-01,D06,CC601,A400,74734.87
20260601,2026-06-01,D06,CC601,A500,34347.41
20260601,2026-06-01,D06,CC601,A800,50010.5
20260601,2026-06-01,D07,CC701,A100,5589519.46
20260601,2026-06-01,D07,CC701,A110,790664.97
20260601,2026-06-01,D07,CC701,A200,568708.92
20260601,2026-06-01,D07,CC701,A210,143506.04
20260601,2026-06-01,D07,CC701,A310,142273.36
20260601,2026-06-01,D07,CC701,A400,106714.34
20260601,2026-06-01,D07,CC701,A500,53925.5
20260601,2026-06-01,D07,CC701,A600,261266.05
20260601,2026-06-01,D07,CC701,A800,82328.36
20260601,2026-06-01,D08,CC801,A200,873073.3
20260601,2026-06-01,D08,CC801,A210,214486.64
20260601,2026-06-01,D08,CC801,A310,196819.67
20260601,2026-06-01,D08,CC801,A400,160150.78
20260601,2026-06-01,D08,CC801,A500,73394.14
20260601,2026-06-01,D08,CC801,A700,6004223.3
20260601,2026-06-01,D08,CC801,A800,118101.47
20260601,2026-06-01,D08,CC802,A200,934719.28
20260601,2026-06-01,D08,CC802,A210,214181.97
20260601,2026-06-01,D08,CC802,A300,278264.02
20260601,2026-06-01,D08,CC802,A310,215811.61
20260601,2026-06-01,D08,CC802,A400,169755.13
20260601,2026-06-01,D08,CC802,A500,76045.79
20260601,2026-06-01,D08,CC802,A700,6723639.91
20260601,2026-06-01,D08,CC802,A800,110714.97
20260701,2026-07-01,D01,CC101,A200,411483.09
20260701,2026-07-01,D01,CC101,A210,105731.33
20260701,2026-07-01,D01,CC101,A300,156617.73
20260701,2026-07-01,D01,CC101,A400,84497.32
20260701,2026-07-01,D01,CC101,A500,34419.35
20260701,2026-07-01,D01,CC101,A800,57056.56
20260701,2026-07-01,D01,CC102,A100,2353288.64
20260701,2026-07-01,D01,CC102,A110,395447.57
20260701,2026-07-01,D01,CC102,A200,416667.45
20260701,2026-07-01,D01,CC102,A210,112240.71
20260701,2026-07-01,D01,CC102,A300,136770.74
20260701,2026-07-01,D01,CC102,A400,80730.98
20260701,2026-07-01,D01,CC102,A500,35571.26
20260701,2026-07-01,D01,CC102,A800,55344.74
20260701,2026-07-01,D02,CC201,A200,1196784.92
20260701,2026-07-01,D02,CC201,A210,306355.53
20260701,2026-07-01,D02,CC201,A300,419481.94
20260701,2026-07-01,D02,CC201,A310,313857.45
20260701,2026-07-01,D02,CC201,A400,215802.47
20260701,2026-07-01,D02,CC201,A500,105963.94
20260701,2026-07-01,D02,CC201,A700,9091707.97
20260701,2026-07-01,D02,CC201,A800,147080.55
20260701,2026-07-01,D02,CC202,A200,1163348.47
20260701,2026-07-01,D02,CC202,A210,367192.18
20260701,2026-07-01,D02,CC202,A300,395492.0
20260701,2026-07-01,D02,CC202,A310,293737.18
20260701,2026-07-01,D02,CC202,A400,232796.6
20260701,2026-07-01,D02,CC202,A500,107579.24
20260701,2026-07-01,D02,CC202,A700,9484754.97
20260701,2026-07-01,D02,CC202,A800,156281.61
20260701,2026-07-01,D03,CC301,A200,715492.13
20260701,2026-07-01,D03,CC301,A210,177390.39
20260701,2026-07-01,D03,CC301,A300,221651.35
20260701,2026-07-01,D03,CC301,A400,132665.28
20260701,2026-07-01,D03,CC301,A500,67984.22
20260701,2026-07-01,D03,CC301,A800,91259.98
20260701,2026-07-01,D04,CC401,A200,572004.37
20260701,2026-07-01,D04,CC401,A210,153020.44
20260701,2026-07-01,D04,CC401,A310,137595.3
20260701,2026-07-01,D04,CC401,A400,101891.81
20260701,2026-07-01,D04,CC401,A500,47372.1
20260701,2026-07-01,D04,CC401,A800,76076.74
20260701,2026-07-01,D05,CC501,A200,825368.03
20260701,2026-07-01,D05,CC501,A210,206540.09
20260701,2026-07-01,D05,CC501,A300,287291.41
20260701,2026-07-01,D05,CC501,A310,191862.37
20260701,2026-07-01,D05,CC501,A400,138901.63
20260701,2026-07-01,D05,CC501,A500,59953.26
20260701,2026-07-01,D05,CC501,A800,108518.98
20260701,2026-07-01,D05,CC502,A200,692869.56
20260701,2026-07-01,D05,CC502,A210,189906.45
20260701,2026-07-01,D05,CC502,A300,263653.47
20260701,2026-07-01,D05,CC502,A310,160054.51
20260701,2026-07-01,D05,CC502,A400,137397.33
20260701,2026-07-01,D05,CC502,A500,70134.63
20260701,2026-07-01,D05,CC502,A800,95498.39
20260701,2026-07-01,D06,CC601,A200,391251.21
20260701,2026-07-01,D06,CC601,A210,87605.93
20260701,2026-07-01,D06,CC601,A300,121685.07
20260701,2026-07-01,D06,CC601,A310,102543.21
20260701,2026-07-01,D06,CC601,A400,67343.3
20260701,2026-07-01,D06,CC601,A500,32417.25
20260701,2026-07-01,D06,CC601,A800,50836.97
20260701,2026-07-01,D07,CC701,A100,5680370.37
20260701,2026-07-01,D07,CC701,A110,863089.97
20260701,2026-07-01,D07,CC701,A200,566793.18
20260701,2026-07-01,D07,CC701,A210,165052.3
20260701,2026-07-01,D07,CC701,A310,149130.01
20260701,2026-07-01,D07,CC701,A400,106001.4
20260701,2026-07-01,D07,CC701,A500,60455.61
20260701,2026-07-01,D07,CC701,A600,257088.92
20260701,2026-07-01,D07,CC701,A800,71294.53
20260701,2026-07-01,D08,CC801,A200,880989.71
20260701,2026-07-01,D08,CC801,A210,223618.73
20260701,2026-07-01,D08,CC801,A300,296063.57
20260701,2026-07-01,D08,CC801,A310,233051.03
20260701,2026-07-01,D08,CC801,A400,161825.28
20260701,2026-07-01,D08,CC801,A500,72759.76
20260701,2026-07-01,D08,CC801,A700,6220160.07
20260701,2026-07-01,D08,CC801,A800,122015.85
20260701,2026-07-01,D08,CC802,A200,772965.12
20260701,2026-07-01,D08,CC802,A210,227775.59
20260701,2026-07-01,D08,CC802,A300,317163.79
20260701,2026-07-01,D08,CC802,A310,241781.72
20260701,2026-07-01,D08,CC802,A400,155543.86
20260701,2026-07-01,D08,CC802,A500,80558.29
20260701,2026-07-01,D08,CC802,A700,6522359.38
20260701,2026-07-01,D08,CC802,A800,106254.14
20260801,2026-08-01,D01,CC101,A200,458651.06
20260801,2026-08-01,D01,CC101,A210,116633.94
20260801,2026-08-01,D01,CC101,A300,156488.48
20260801,2026-08-01,D01,CC101,A400,75907.06
20260801,2026-08-01,D01,CC101,A500,42368.81
20260801,2026-08-01,D01,CC101,A800,53543.34
20260801,2026-08-01,D01,CC102,A100,2387989.23
20260801,2026-08-01,D01,CC102,A110,409403.53
20260801,2026-08-01,D01,CC102,A200,419452.8
20260801,2026-08-01,D01,CC102,A210,103412.6
20260801,2026-08-01,D01,CC102,A300,141059.56
20260801,2026-08-01,D01,CC102,A310,117069.72
20260801,2026-08-01,D01,CC102,A400,86674.0
20260801,2026-08-01,D01,CC102,A500,41902.63
20260801,2026-08-01,D01,CC102,A800,66197.5
20260801,2026-08-01,D02,CC201,A200,1372888.78
20260801,2026-08-01,D02,CC201,A210,280289.61
20260801,2026-08-01,D02,CC201,A300,368752.35
20260801,2026-08-01,D02,CC201,A400,211494.92
20260801,2026-08-01,D02,CC201,A500,97113.27
20260801,2026-08-01,D02,CC201,A700,8153345.21
20260801,2026-08-01,D02,CC201,A800,164892.87
20260801,2026-08-01,D02,CC202,A200,1177947.9
20260801,2026-08-01,D02,CC202,A210,337593.02
20260801,2026-08-01,D02,CC202,A400,224179.98
20260801,2026-08-01,D02,CC202,A500,111620.9
20260801,2026-08-01,D02,CC202,A700,9251506.43
20260801,2026-08-01,D02,CC202,A800,161601.26
20260801,2026-08-01,D03,CC301,A200,749791.77
20260801,2026-08-01,D03,CC301,A210,166292.23
20260801,2026-08-01,D03,CC301,A310,176001.81
20260801,2026-08-01,D03,CC301,A400,134221.69
20260801,2026-08-01,D03,CC301,A500,66887.68
20260801,2026-08-01,D03,CC301,A800,96691.63
20260801,2026-08-01,D04,CC401,A200,525855.64
20260801,2026-08-01,D04,CC401,A210,140913.79
20260801,2026-08-01,D04,CC401,A300,196881.51
20260801,2026-08-01,D04,CC401,A400,98241.3
20260801,2026-08-01,D04,CC401,A500,45114.94
20260801,2026-08-01,D04,CC401,A800,73087.51
20260801,2026-08-01,D05,CC501,A200,722962.32
20260801,2026-08-01,D05,CC501,A210,200382.33
20260801,2026-08-01,D05,CC501,A300,232441.64
20260801,2026-08-01,D05,CC501,A310,206194.2
20260801,2026-08-01,D05,CC501,A400,140607.91
20260801,2026-08-01,D05,CC501,A500,63216.86
20260801,2026-08-01,D05,CC501,A800,100202.12
20260801,2026-08-01,D05,CC502,A200,746163.15
20260801,2026-08-01,D05,CC502,A210,178060.2
20260801,2026-08-01,D05,CC502,A300,277040.68
20260801,2026-08-01,D05,CC502,A310,182579.1
20260801,2026-08-01,D05,CC502,A400,140510.85
20260801,2026-08-01,D05,CC502,A500,69746.64
20260801,2026-08-01,D05,CC502,A800,112118.14
20260801,2026-08-01,D06,CC601,A200,434940.95
20260801,2026-08-01,D06,CC601,A210,87170.88
20260801,2026-08-01,D06,CC601,A300,142012.94
20260801,2026-08-01,D06,CC601,A400,74565.0
20260801,2026-08-01,D06,CC601,A500,34325.02
20260801,2026-08-01,D06,CC601,A800,51737.27
20260801,2026-08-01,D07,CC701,A100,5702829.02
20260801,2026-08-01,D07,CC701,A110,851397.48
20260801,2026-08-01,D07,CC701,A200,698844.55
20260801,2026-08-01,D07,CC701,A210,146703.57
20260801,2026-08-01,D07,CC701,A300,221932.86
20260801,2026-08-01,D07,CC701,A400,117361.58
20260801,2026-08-01,D07,CC701,A500,52182.77
20260801,2026-08-01,D07,CC701,A600,260460.38
20260801,2026-08-01,D07,CC701,A800,82574.2
20260801,2026-08-01,D08,CC801,A200,940056.64
20260801,2026-08-01,D08,CC801,A210,205597.6
20260801,2026-08-01,D08,CC801,A300,320385.19
20260801,2026-08-01,D08,CC801,A310,217301.1
20260801,2026-08-01,D08,CC801,A400,184851.45
20260801,2026-08-01,D08,CC801,A500,71276.61
20260801,2026-08-01,D08,CC801,A700,6500926.32
20260801,2026-08-01,D08,CC801,A800,100778.69
20260801,2026-08-01,D08,CC802,A200,724773.61
20260801,2026-08-01,D08,CC802,A210,204099.65
20260801,2026-08-01,D08,CC802,A300,319125.31
20260801,2026-08-01,D08,CC802,A400,168887.21
20260801,2026-08-01,D08,CC802,A500,82547.43
20260801,2026-08-01,D08,CC802,A700,6900369.3
20260801,2026-08-01,D08,CC802,A800,110531.83
20260901,2026-09-01,D01,CC101,A200,408808.42
20260901,2026-09-01,D01,CC101,A210,115456.15
20260901,2026-09-01,D01,CC101,A300,166906.53
20260901,2026-09-01,D01,CC101,A400,78844.04
20260901,2026-09-01,D01,CC101,A500,34357.98
20260901,2026-09-01,D01,CC101,A800,50030.43
20260901,2026-09-01,D01,CC102,A100,2583627.95
20260901,2026-09-01,D01,CC102,A110,368638.84
20260901,2026-09-01,D01,CC102,A200,493041.92
20260901,2026-09-01,D01,CC102,A210,114429.1
20260901,2026-09-01,D01,CC102,A310,117437.61
20260901,2026-09-01,D01,CC102,A400,87515.34
20260901,2026-09-01,D01,CC102,A500,41070.15
20260901,2026-09-01,D01,CC102,A800,58752.53
20260901,2026-09-01,D02,CC201,A200,1198419.49
20260901,2026-09-01,D02,CC201,A210,350927.93
20260901,2026-09-01,D02,CC201,A300,399326.68
20260901,2026-09-01,D02,CC201,A400,204560.09
20260901,2026-09-01,D02,CC201,A500,93653.08
20260901,2026-09-01,D02,CC201,A700,10030523.4
20260901,2026-09-01,D02,CC201,A800,163301.02
20260901,2026-09-01,D02,CC202,A200,1256512.66
20260901,2026-09-01,D02,CC202,A210,274536.94
20260901,2026-09-01,D02,CC202,A300,413443.79
20260901,2026-09-01,D02,CC202,A400,208041.25
20260901,2026-09-01,D02,CC202,A500,104783.53
20260901,2026-09-01,D02,CC202,A700,7646751.84
20260901,2026-09-01,D02,CC202,A800,161910.68
20260901,2026-09-01,D03,CC301,A200,711905.02
20260901,2026-09-01,D03,CC301,A210,197293.39
20260901,2026-09-01,D03,CC301,A300,263586.2
20260901,2026-09-01,D03,CC301,A310,191526.93
20260901,2026-09-01,D03,CC301,A400,139678.02
20260901,2026-09-01,D03,CC301,A500,60193.06
20260901,2026-09-01,D03,CC301,A800,97998.38
20260901,2026-09-01,D04,CC401,A200,543052.55
20260901,2026-09-01,D04,CC401,A210,131214.15
20260901,2026-09-01,D04,CC401,A310,155890.12
20260901,2026-09-01,D04,CC401,A400,95733.85
20260901,2026-09-01,D04,CC401,A500,45025.62
20260901,2026-09-01,D04,CC401,A800,74715.91
20260901,2026-09-01,D05,CC501,A200,794458.51
20260901,2026-09-01,D05,CC501,A210,185318.15
20260901,2026-09-01,D05,CC501,A300,307021.53
20260901,2026-09-01,D05,CC501,A310,189174.4
20260901,2026-09-01,D05,CC501,A400,119976.2
20260901,2026-09-01,D05,CC501,A500,72040.56
20260901,2026-09-01,D05,CC501,A800,113755.06
20260901,2026-09-01,D05,CC502,A200,805241.47
20260901,2026-09-01,D05,CC502,A210,181027.18
20260901,2026-09-01,D05,CC502,A300,258101.32
20260901,2026-09-01,D05,CC502,A310,197633.82
20260901,2026-09-01,D05,CC502,A400,115215.58
20260901,2026-09-01,D05,CC502,A500,67422.2
20260901,2026-09-01,D05,CC502,A800,102306.6
20260901,2026-09-01,D06,CC601,A200,331485.83
20260901,2026-09-01,D06,CC601,A210,107804.77
20260901,2026-09-01,D06,CC601,A310,85662.89
20260901,2026-09-01,D06,CC601,A400,64064.95
20260901,2026-09-01,D06,CC601,A500,33838.95
20260901,2026-09-01,D06,CC601,A800,50793.46
20260901,2026-09-01,D07,CC701,A100,5182362.48
20260901,2026-09-01,D07,CC701,A110,899200.24
20260901,2026-09-01,D07,CC701,A200,654041.98
20260901,2026-09-01,D07,CC701,A210,143470.5
20260901,2026-09-01,D07,CC701,A300,187436.54
20260901,2026-09-01,D07,CC701,A310,149362.37
20260901,2026-09-01,D07,CC701,A400,97895.03
20260901,2026-09-01,D07,CC701,A500,52918.18
20260901,2026-09-01,D07,CC701,A600,264857.2
20260901,2026-09-01,D07,CC701,A800,73533.73
20260901,2026-09-01,D08,CC801,A200,1011726.52
20260901,2026-09-01,D08,CC801,A210,267511.16
20260901,2026-09-01,D08,CC801,A300,328061.15
20260901,2026-09-01,D08,CC801,A310,233015.25
20260901,2026-09-01,D08,CC801,A400,153896.64
20260901,2026-09-01,D08,CC801,A500,78783.06
20260901,2026-09-01,D08,CC801,A700,6995193.03
20260901,2026-09-01,D08,CC801,A800,128653.22
20260901,2026-09-01,D08,CC802,A200,859401.14
20260901,2026-09-01,D08,CC802,A210,231444.59
20260901,2026-09-01,D08,CC802,A310,241733.75
20260901,2026-09-01,D08,CC802,A400,153446.29
20260901,2026-09-01,D08,CC802,A500,75398.91
20260901,2026-09-01,D08,CC802,A700,6800474.96
20260901,2026-09-01,D08,CC802,A800,117855.49
20261001,2026-10-01,D01,CC101,A200,458708.61
20261001,2026-10-01,D01,CC101,A210,115363.0
20261001,2026-10-01,D01,CC101,A300,141500.08
20261001,2026-10-01,D01,CC101,A400,79362.0
20261001,2026-10-01,D01,CC101,A500,35328.65
20261001,2026-10-01,D01,CC101,A800,66827.95
20261001,2026-10-01,D01,CC102,A100,2721067.84
20261001,2026-10-01,D01,CC102,A110,372970.02
20261001,2026-10-01,D01,CC102,A200,416996.4
20261001,2026-10-01,D01,CC102,A210,105676.42
20261001,2026-10-01,D01,CC102,A300,167754.97
20261001,2026-10-01,D01,CC102,A400,67647.74
20261001,2026-10-01,D01,CC102,A500,40963.13
20261001,2026-10-01,D01,CC102,A800,66493.34
20261001,2026-10-01,D02,CC201,A200,1258435.82
20261001,2026-10-01,D02,CC201,A210,298757.24
20261001,2026-10-01,D02,CC201,A400,217522.14
20261001,2026-10-01,D02,CC201,A500,110428.59
20261001,2026-10-01,D02,CC201,A700,8918067.79
20261001,2026-10-01,D02,CC201,A800,156391.54
20261001,2026-10-01,D02,CC202,A200,1253528.99
20261001,2026-10-01,D02,CC202,A210,335157.63
20261001,2026-10-01,D02,CC202,A400,235020.7
20261001,2026-10-01,D02,CC202,A500,101079.42
20261001,2026-10-01,D02,CC202,A700,9948559.09
20261001,2026-10-01,D02,CC202,A800,138727.06
20261001,2026-10-01,D03,CC301,A200,663805.15
20261001,2026-10-01,D03,CC301,A210,203251.11
20261001,2026-10-01,D03,CC301,A310,177915.64
20261001,2026-10-01,D03,CC301,A400,119142.7
20261001,2026-10-01,D03,CC301,A500,63617.37
20261001,2026-10-01,D03,CC301,A800,88160.36
20261001,2026-10-01,D04,CC401,A200,598905.18
20261001,2026-10-01,D04,CC401,A210,140981.42
20261001,2026-10-01,D04,CC401,A300,191968.92
20261001,2026-10-01,D04,CC401,A310,134486.22
20261001,2026-10-01,D04,CC401,A400,111538.67
20261001,2026-10-01,D04,CC401,A500,45295.78
20261001,2026-10-01,D04,CC401,A800,75493.65
20261001,2026-10-01,D05,CC501,A200,826420.8
20261001,2026-10-01,D05,CC501,A210,219632.09
20261001,2026-10-01,D05,CC501,A300,275028.22
20261001,2026-10-01,D05,CC501,A310,200165.73
20261001,2026-10-01,D05,CC501,A400,142339.48
20261001,2026-10-01,D05,CC501,A500,69238.85
20261001,2026-10-01,D05,CC501,A800,97509.94
20261001,2026-10-01,D05,CC502,A200,796475.82
20261001,2026-10-01,D05,CC502,A210,225515.34
20261001,2026-10-01,D05,CC502,A300,272068.4
20261001,2026-10-01,D05,CC502,A310,193720.5
20261001,2026-10-01,D05,CC502,A400,153101.31
20261001,2026-10-01,D05,CC502,A500,59280.78
20261001,2026-10-01,D05,CC502,A800,94362.72
20261001,2026-10-01,D06,CC601,A200,401313.08
20261001,2026-10-01,D06,CC601,A210,113422.61
20261001,2026-10-01,D06,CC601,A300,138058.51
20261001,2026-10-01,D06,CC601,A310,104535.21
20261001,2026-10-01,D06,CC601,A400,71323.43
20261001,2026-10-01,D06,CC601,A500,32570.89
20261001,2026-10-01,D06,CC601,A800,53410.34
20261001,2026-10-01,D07,CC701,A100,5282923.11
20261001,2026-10-01,D07,CC701,A110,864622.38
20261001,2026-10-01,D07,CC701,A200,640511.01
20261001,2026-10-01,D07,CC701,A210,162647.52
20261001,2026-10-01,D07,CC701,A300,219315.31
20261001,2026-10-01,D07,CC701,A310,140018.42
20261001,2026-10-01,D07,CC701,A400,96219.72
20261001,2026-10-01,D07,CC701,A500,48407.96
20261001,2026-10-01,D07,CC701,A600,272206.14
20261001,2026-10-01,D07,CC701,A800,83543.22
20261001,2026-10-01,D08,CC801,A200,910208.72
20261001,2026-10-01,D08,CC801,A210,214250.89
20261001,2026-10-01,D08,CC801,A300,330212.59
20261001,2026-10-01,D08,CC801,A400,171005.17
20261001,2026-10-01,D08,CC801,A500,72850.19
20261001,2026-10-01,D08,CC801,A700,6014388.67
20261001,2026-10-01,D08,CC801,A800,116993.87
20261001,2026-10-01,D08,CC802,A200,956640.69
20261001,2026-10-01,D08,CC802,A210,229884.75
20261001,2026-10-01,D08,CC802,A400,161768.03
20261001,2026-10-01,D08,CC802,A500,76743.36
20261001,2026-10-01,D08,CC802,A700,6451647.96
20261001,2026-10-01,D08,CC802,A800,122256.35
20261101,2026-11-01,D01,CC101,A200,398308.04
20261101,2026-11-01,D01,CC101,A210,119391.52
20261101,2026-11-01,D01,CC101,A300,150254.07
20261101,2026-11-01,D01,CC101,A310,117690.43
20261101,2026-11-01,D01,CC101,A400,72036.83
20261101,2026-11-01,D01,CC101,A500,36794.23
20261101,2026-11-01,D01,CC101,A800,62374.27
20261101,2026-11-01,D01,CC102,A100,2664726.05
20261101,2026-11-01,D01,CC102,A110,409566.57
20261101,2026-11-01,D01,CC102,A200,471067.55
20261101,2026-11-01,D01,CC102,A210,110610.99
20261101,2026-11-01,D01,CC102,A300,157804.25
20261101,2026-11-01,D01,CC102,A310,113144.99
20261101,2026-11-01,D01,CC102,A400,81965.23
20261101,2026-11-01,D01,CC102,A500,41518.15
20261101,2026-11-01,D01,CC102,A800,58960.03
20261101,2026-11-01,D02,CC201,A200,1270311.18
20261101,2026-11-01,D02,CC201,A210,316369.3
20261101,2026-11-01,D02,CC201,A300,429240.8
20261101,2026-11-01,D02,CC201,A400,221237.43
20261101,2026-11-01,D02,CC201,A500,125662.96
20261101,2026-11-01,D02,CC201,A700,9749721.13
20261101,2026-11-01,D02,CC201,A800,170860.44
20261101,2026-11-01,D02,CC202,A200,1176789.31
20261101,2026-11-01,D02,CC202,A210,328003.93
20261101,2026-11-01,D02,CC202,A300,339903.59
20261101,2026-11-01,D02,CC202,A400,219258.23
20261101,2026-11-01,D02,CC202,A500,100820.66
20261101,2026-11-01,D02,CC202,A700,8713042.06
20261101,2026-11-01,D02,CC202,A800,153357.18
20261101,2026-11-01,D03,CC301,A200,735279.12
20261101,2026-11-01,D03,CC301,A210,189165.25
20261101,2026-11-01,D03,CC301,A300,250510.87
20261101,2026-11-01,D03,CC301,A400,139440.6
20261101,2026-11-01,D03,CC301,A500,67587.51
20261101,2026-11-01,D03,CC301,A800,105736.46
20261101,2026-11-01,D04,CC401,A200,556116.74
20261101,2026-11-01,D04,CC401,A210,138013.35
20261101,2026-11-01,D04,CC401,A310,140352.65
20261101,2026-11-01,D04,CC401,A400,104608.17
20261101,2026-11-01,D04,CC401,A500,46156.6
20261101,2026-11-01,D04,CC401,A800,63819.58
20261101,2026-11-01,D05,CC501,A200,732898.64
20261101,2026-11-01,D05,CC501,A210,189735.67
20261101,2026-11-01,D05,CC501,A300,245126.4
20261101,2026-11-01,D05,CC501,A310,180871.77
20261101,2026-11-01,D05,CC501,A400,134823.84
20261101,2026-11-01,D05,CC501,A500,72049.53
20261101,2026-11-01,D05,CC501,A800,108755.51
20261101,2026-11-01,D05,CC502,A200,854714.28
20261101,2026-11-01,D05,CC502,A210,198607.09
20261101,2026-11-01,D05,CC502,A300,270906.33
20261101,2026-11-01,D05,CC502,A310,189142.32
20261101,2026-11-01,D05,CC502,A400,147785.05
20261101,2026-11-01,D05,CC502,A500,68210.68
20261101,2026-11-01,D05,CC502,A800,103263.8
20261101,2026-11-01,D06,CC601,A200,344118.78
20261101,2026-11-01,D06,CC601,A210,103519.84
20261101,2026-11-01,D06,CC601,A300,142079.73
20261101,2026-11-01,D06,CC601,A310,97027.81
20261101,2026-11-01,D06,CC601,A400,70403.75
20261101,2026-11-01,D06,CC601,A500,33324.69
20261101,2026-11-01,D06,CC601,A800,49059.05
20261101,2026-11-01,D07,CC701,A100,5780635.25
20261101,2026-11-01,D07,CC701,A110,889190.88
20261101,2026-11-01,D07,CC701,A200,736813.77
20261101,2026-11-01,D07,CC701,A210,166266.3
20261101,2026-11-01,D07,CC701,A310,149149.41
20261101,2026-11-01,D07,CC701,A400,108254.33
20261101,2026-11-01,D07,CC701,A500,50833.91
20261101,2026-11-01,D07,CC701,A600,268335.4
20261101,2026-11-01,D07,CC701,A800,76917.46
20261101,2026-11-01,D08,CC801,A200,872614.32
20261101,2026-11-01,D08,CC801,A210,207262.52
20261101,2026-11-01,D08,CC801,A300,328825.18
20261101,2026-11-01,D08,CC801,A310,205496.01
20261101,2026-11-01,D08,CC801,A400,153886.17
20261101,2026-11-01,D08,CC801,A500,72412.42
20261101,2026-11-01,D08,CC801,A700,7109054.37
20261101,2026-11-01,D08,CC801,A800,113498.37
20261101,2026-11-01,D08,CC802,A200,936642.3
20261101,2026-11-01,D08,CC802,A210,230235.11
20261101,2026-11-01,D08,CC802,A310,229468.88
20261101,2026-11-01,D08,CC802,A400,161033.7
20261101,2026-11-01,D08,CC802,A500,71678.11
20261101,2026-11-01,D08,CC802,A700,6707253.22
20261101,2026-11-01,D08,CC802,A800,117259.64
20261201,2026-12-01,D01,CC101,A200,454165.79
20261201,2026-12-01,D01,CC101,A210,129562.21
20261201,2026-12-01,D01,CC101,A310,116442.28
20261201,2026-12-01,D01,CC101,A400,78776.07
20261201,2026-12-01,D01,CC101,A500,38359.75
20261201,2026-12-01,D01,CC101,A800,54673.66
20261201,2026-12-01,D01,CC102,A100,2404163.63
20261201,2026-12-01,D01,CC102,A110,440510.96
20261201,2026-12-01,D01,CC102,A200,448498.45
20261201,2026-12-01,D01,CC102,A210,113204.76
20261201,2026-12-01,D01,CC102,A300,150110.38
20261201,2026-12-01,D01,CC102,A310,124189.94
20261201,2026-12-01,D01,CC102,A400,83418.86
20261201,2026-12-01,D01,CC102,A500,35923.2
20261201,2026-12-01,D01,CC102,A800,55483.63
20261201,2026-12-01,D02,CC201,A200,1315437.63
20261201,2026-12-01,D02,CC201,A210,293729.27
20261201,2026-12-01,D02,CC201,A310,311275.41
20261201,2026-12-01,D02,CC201,A400,209249.06
20261201,2026-12-01,D02,CC201,A500,98743.22
20261201,2026-12-01,D02,CC201,A700,8957691.32
20261201,2026-12-01,D02,CC201,A800,168303.89
20261201,2026-12-01,D02,CC202,A200,1259637.24
20261201,2026-12-01,D02,CC202,A210,326196.88
20261201,2026-12-01,D02,CC202,A300,453040.83
20261201,2026-12-01,D02,CC202,A310,319953.17
20261201,2026-12-01,D02,CC202,A400,250962.83
20261201,2026-12-01,D02,CC202,A500,112580.57
20261201,2026-12-01,D02,CC202,A700,9274883.25
20261201,2026-12-01,D02,CC202,A800,167412.2
20261201,2026-12-01,D03,CC301,A200,685844.82
20261201,2026-12-01,D03,CC301,A210,187842.77
20261201,2026-12-01,D03,CC301,A300,267965.48
20261201,2026-12-01,D03,CC301,A310,193325.2
20261201,2026-12-01,D03,CC301,A400,132428.93
20261201,2026-12-01,D03,CC301,A500,51502.16
20261201,2026-12-01,D03,CC301,A800,94538.5
20261201,2026-12-01,D04,CC401,A200,554808.57
20261201,2026-12-01,D04,CC401,A210,140534.77
20261201,2026-12-01,D04,CC401,A300,193845.02
20261201,2026-12-01,D04,CC401,A310,144690.89
20261201,2026-12-01,D04,CC401,A400,111652.62
20261201,2026-12-01,D04,CC401,A500,45055.59
20261201,2026-12-01,D04,CC401,A800,78687.22
20261201,2026-12-01,D05,CC501,A200,824141.3
20261201,2026-12-01,D05,CC501,A210,202936.35
20261201,2026-12-01,D05,CC501,A300,273948.56
20261201,2026-12-01,D05,CC501,A310,175473.11
20261201,2026-12-01,D05,CC501,A400,138132.1
20261201,2026-12-01,D05,CC501,A500,74032.16
20261201,2026-12-01,D05,CC501,A800,106953.68
20261201,2026-12-01,D05,CC502,A200,782504.53
20261201,2026-12-01,D05,CC502,A210,209283.66
20261201,2026-12-01,D05,CC502,A300,262433.09
20261201,2026-12-01,D05,CC502,A310,198009.44
20261201,2026-12-01,D05,CC502,A400,139011.76
20261201,2026-12-01,D05,CC502,A500,69322.37
20261201,2026-12-01,D05,CC502,A800,96921.95
20261201,2026-12-01,D06,CC601,A200,366777.39
20261201,2026-12-01,D06,CC601,A210,102076.45
20261201,2026-12-01,D06,CC601,A400,82261.73
20261201,2026-12-01,D06,CC601,A500,30702.6
20261201,2026-12-01,D06,CC601,A800,53018.77
20261201,2026-12-01,D07,CC701,A100,5920286.32
20261201,2026-12-01,D07,CC701,A110,872892.46
20261201,2026-12-01,D07,CC701,A200,581368.57
20261201,2026-12-01,D07,CC701,A210,172319.51
20261201,2026-12-01,D07,CC701,A400,114847.68
20261201,2026-12-01,D07,CC701,A500,58285.28
20261201,2026-12-01,D07,CC701,A600,268683.28
20261201,2026-12-01,D07,CC701,A800,84195.3
20261201,2026-12-01,D08,CC801,A200,912349.9
20261201,2026-12-01,D08,CC801,A210,231930.05
20261201,2026-12-01,D08,CC801,A300,309769.82
20261201,2026-12-01,D08,CC801,A310,226857.17
20261201,2026-12-01,D08,CC801,A400,164402.48
20261201,2026-12-01,D08,CC801,A500,87005.24
20261201,2026-12-01,D08,CC801,A700,6343555.91
20261201,2026-12-01,D08,CC801,A800,105822.31
20261201,2026-12-01,D08,CC802,A200,925058.87
20261201,2026-12-01,D08,CC802,A210,240747.53
20261201,2026-12-01,D08,CC802,A300,316509.96
20261201,2026-12-01,D08,CC802,A310,207623.94
20261201,2026-12-01,D08,CC802,A400,179844.72
20261201,2026-12-01,D08,CC802,A500,77891.36
20261201,2026-12-01,D08,CC802,A700,6388503.43
20261201,2026-12-01,D08,CC802,A800,131102.71
