DateKey,MonthStart,DepartmentID,CostCenterID,AccountID,BudgetAmount
20250101,2025-01-01,D01,CC101,A200,418320.06
20250101,2025-01-01,D01,CC101,A210,106804.27
20250101,2025-01-01,D01,CC101,A300,141620.77
20250101,2025-01-01,D01,CC101,A400,76016.28
20250101,2025-01-01,D01,CC101,A500,36215.83
20250101,2025-01-01,D01,CC101,A800,56199.96
20250101,2025-01-01,D01,CC102,A100,2524500.0
20250101,2025-01-01,D01,CC102,A110,390150.0
20250101,2025-01-01,D01,CC102,A200,423608.03
20250101,2025-01-01,D01,CC102,A210,106257.81
20250101,2025-01-01,D01,CC102,A300,145323.26
20250101,2025-01-01,D01,CC102,A310,104216.49
20250101,2025-01-01,D01,CC102,A400,77099.59
20250101,2025-01-01,D01,CC102,A500,35345.99
20250101,2025-01-01,D01,CC102,A800,55058.73
20250101,2025-01-01,D02,CC201,A200,1133840.07
20250101,2025-01-01,D02,CC201,A210,295457.75
20250101,2025-01-01,D02,CC201,A300,398344.88
20250101,2025-01-01,D02,CC201,A310,282149.32
20250101,2025-01-01,D02,CC201,A400,210170.4
20250101,2025-01-01,D02,CC201,A500,100357.69
20250101,2025-01-01,D02,CC201,A700,8419416.8
20250101,2025-01-01,D02,CC201,A800,152219.65
20250101,2025-01-01,D02,CC202,A200,1135519.66
20250101,2025-01-01,D02,CC202,A210,301924.83
20250101,2025-01-01,D02,CC202,A310,283285.76
20250101,2025-01-01,D02,CC202,A400,208158.99
20250101,2025-01-01,D02,CC202,A500,99037.72
20250101,2025-01-01,D02,CC202,A700,8446031.58
20250101,2025-01-01,D02,CC202,A800,153520.51
20250101,2025-01-01,D03,CC301,A200,689415.12
20250101,2025-01-01,D03,CC301,A210,178032.67
20250101,2025-01-01,D03,CC301,A300,234346.04
20250101,2025-01-01,D03,CC301,A400,123177.74
20250101,2025-01-01,D03,CC301,A500,59379.5
20250101,2025-01-01,D03,CC301,A800,89830.29
20250101,2025-01-01,D04,CC401,A200,515807.65
20250101,2025-01-01,D04,CC401,A210,133125.33
20250101,2025-01-01,D04,CC401,A300,180218.55
20250101,2025-01-01,D04,CC401,A400,96630.57
20250101,2025-01-01,D04,CC401,A500,44653.53
20250101,2025-01-01,D04,CC401,A800,71251.46
20250101,2025-01-01,D05,CC501,A200,715455.47
20250101,2025-01-01,D05,CC501,A210,186190.64
20250101,2025-01-01,D05,CC501,A300,249631.77
20250101,2025-01-01,D05,CC501,A310,179901.89
20250101,2025-01-01,D05,CC501,A400,131410.12
20250101,2025-01-01,D05,CC501,A500,63377.69
20250101,2025-01-01,D05,CC501,A800,96514.34
20250101,2025-01-01,D05,CC502,A200,730571.55
20250101,2025-01-01,D05,CC502,A210,185756.71
20250101,2025-01-01,D05,CC502,A300,256086.63
20250101,2025-01-01,D05,CC502,A310,180092.67
20250101,2025-01-01,D05,CC502,A400,131043.9
20250101,2025-01-01,D05,CC502,A500,62931.13
20250101,2025-01-01,D05,CC502,A800,96786.41
20250101,2025-01-01,D06,CC601,A200,362887.3
20250101,2025-01-01,D06,CC601,A210,95155.32
20250101,2025-01-01,D06,CC601,A300,125190.09
20250101,2025-01-01,D06,CC601,A400,66363.31
20250101,2025-01-01,D06,CC601,A500,31184.76
20250101,2025-01-01,D06,CC601,A800,49708.24
20250101,2025-01-01,D07,CC701,A100,5610000.0
20250101,2025-01-01,D07,CC701,A110,867000.0
20250101,2025-01-01,D07,CC701,A200,579978.16
20250101,2025-01-01,D07,CC701,A210,146799.66
20250101,2025-01-01,D07,CC701,A300,201843.65
20250101,2025-01-01,D07,CC701,A310,142559.6
20250101,2025-01-01,D07,CC701,A400,104733.11
20250101,2025-01-01,D07,CC701,A500,49097.48
20250101,2025-01-01,D07,CC701,A600,264445.58
20250101,2025-01-01,D07,CC701,A800,77259.27
20250101,2025-01-01,D08,CC801,A200,820599.36
20250101,2025-01-01,D08,CC801,A210,213285.53
20250101,2025-01-01,D08,CC801,A400,154372.95
20250101,2025-01-01,D08,CC801,A500,72343.82
20250101,2025-01-01,D08,CC801,A700,6245686.57
20250101,2025-01-01,D08,CC801,A800,112968.54
20250101,2025-01-01,D08,CC802,A200,837713.85
20250101,2025-01-01,D08,CC802,A210,218176.11
20250101,2025-01-01,D08,CC802,A300,293715.03
20250101,2025-01-01,D08,CC802,A400,154634.22
20250101,2025-01-01,D08,CC802,A500,71624.24
20250101,2025-01-01,D08,CC802,A700,6290803.57
20250101,2025-01-01,D08,CC802,A800,112689.81
20250201,2025-02-01,D01,CC101,A200,413865.26
20250201,2025-02-01,D01,CC101,A210,106730.53
20250201,2025-02-01,D01,CC101,A300,143104.9
20250201,2025-02-01,D01,CC101,A400,76630.94
20250201,2025-02-01,D01,CC101,A500,36690.39
20250201,2025-02-01,D01,CC101,A800,55991.64
20250201,2025-02-01,D01,CC102,A100,2568205.33
20250201,2025-02-01,D01,CC102,A110,396904.46
20250201,2025-02-01,D01,CC102,A200,418075.8
20250201,2025-02-01,D01,CC102,A210,106474.7
20250201,2025-02-01,D01,CC102,A300,146352.89
20250201,2025-02-01,D01,CC102,A400,75637.07
20250201,2025-02-01,D01,CC102,A500,36625.93
20250201,2025-02-01,D01,CC102,A800,55600.64
20250201,2025-02-01,D02,CC201,A200,1164965.94
20250201,2025-02-01,D02,CC201,A210,293750.37
20250201,2025-02-01,D02,CC201,A300,402091.98
20250201,2025-02-01,D02,CC201,A310,284908.77
20250201,2025-02-01,D02,CC201,A400,212662.04
20250201,2025-02-01,D02,CC201,A500,100430.07
20250201,2025-02-01,D02,CC201,A700,8728453.16
20250201,2025-02-01,D02,CC201,A800,154203.92
20250201,2025-02-01,D02,CC202,A200,1134835.08
20250201,2025-02-01,D02,CC202,A210,295820.05
20250201,2025-02-01,D02,CC202,A310,285683.14
20250201,2025-02-01,D02,CC202,A400,213292.32
20250201,2025-02-01,D02,CC202,A500,98012.17
20250201,2025-02-01,D02,CC202,A700,8470236.77
20250201,2025-02-01,D02,CC202,A800,153298.07
20250201,2025-02-01,D03,CC301,A200,674858.3
20250201,2025-02-01,D03,CC301,A210,177481.82
20250201,2025-02-01,D03,CC301,A300,236742.36
20250201,2025-02-01,D03,CC301,A310,166577.46
20250201,2025-02-01,D03,CC301,A400,122938.27
20250201,2025-02-01,D03,CC301,A500,58202.02
20250201,2025-02-01,D03,CC301,A800,90909.12
20250201,2025-02-01,D04,CC401,A200,519857.12
20250201,2025-02-01,D04,CC401,A210,137575.24
20250201,2025-02-01,D04,CC401,A300,176917.43
20250201,2025-02-01,D04,CC401,A310,131185.98
20250201,2025-02-01,D04,CC401,A400,94185.98
20250201,2025-02-01,D04,CC401,A500,45665.65
20250201,2025-02-01,D04,CC401,A800,70247.56
20250201,2025-02-01,D05,CC501,A200,739422.87
20250201,2025-02-01,D05,CC501,A210,187463.46
20250201,2025-02-01,D05,CC501,A300,250155.51
20250201,2025-02-01,D05,CC501,A310,179411.95
20250201,2025-02-01,D05,CC501,A400,131757.57
20250201,2025-02-01,D05,CC501,A500,62536.71
20250201,2025-02-01,D05,CC501,A800,99272.48
20250201,2025-02-01,D05,CC502,A200,727937.23
20250201,2025-02-01,D05,CC502,A210,189687.41
20250201,2025-02-01,D05,CC502,A300,256256.47
20250201,2025-02-01,D05,CC502,A310,183754.36
20250201,2025-02-01,D05,CC502,A400,135789.11
20250201,2025-02-01,D05,CC502,A500,63737.93
20250201,2025-02-01,D05,CC502,A800,98474.04
20250201,2025-02-01,D06,CC601,A200,364691.85
20250201,2025-02-01,D06,CC601,A210,95297.5
20250201,2025-02-01,D06,CC601,A300,125228.16
20250201,2025-02-01,D06,CC601,A400,66212.99
20250201,2025-02-01,D06,CC601,A500,31252.28
20250201,2025-02-01,D06,CC601,A800,48286.31
20250201,2025-02-01,D07,CC701,A100,5707122.96
20250201,2025-02-01,D07,CC701,A110,882009.91
20250201,2025-02-01,D07,CC701,A200,575597.68
20250201,2025-02-01,D07,CC701,A210,150515.36
20250201,2025-02-01,D07,CC701,A300,200590.88
20250201,2025-02-01,D07,CC701,A310,144837.0
20250201,2025-02-01,D07,CC701,A400,103633.24
20250201,2025-02-01,D07,CC701,A500,48709.12
20250201,2025-02-01,D07,CC701,A600,263756.64
20250201,2025-02-01,D07,CC701,A800,76074.33
20250201,2025-02-01,D08,CC801,A200,830889.37
20250201,2025-02-01,D08,CC801,A210,217866.95
20250201,2025-02-01,D08,CC801,A310,206200.68
20250201,2025-02-01,D08,CC801,A400,151706.28
20250201,2025-02-01,D08,CC801,A500,71494.46
20250201,2025-02-01,D08,CC801,A700,6268067.69
20250201,2025-02-01,D08,CC801,A800,113001.27
20250201,2025-02-01,D08,CC802,A200,842912.23
20250201,2025-02-01,D08,CC802,A210,212474.0
20250201,2025-02-01,D08,CC802,A300,289579.08
20250201,2025-02-01,D08,CC802,A310,205834.61
20250201,2025-02-01,D08,CC802,A400,150092.86
20250201,2025-02-01,D08,CC802,A500,71078.03
20250201,2025-02-01,D08,CC802,A700,6302594.99
20250201,2025-02-01,D08,CC802,A800,113292.74
20250301,2025-03-01,D01,CC101,A200,420556.33
20250301,2025-03-01,D01,CC101,A210,110152.09
20250301,2025-03-01,D01,CC101,A300,146477.48
20250301,2025-03-01,D01,CC101,A310,104631.61
20250301,2025-03-01,D01,CC101,A400,77428.94
20250301,2025-03-01,D01,CC101,A500,36406.38
20250301,2025-03-01,D01,CC101,A800,56181.31
20250301,2025-03-01,D01,CC102,A100,2589015.0
20250301,2025-03-01,D01,CC102,A110,400120.5
20250301,2025-03-01,D01,CC102,A200,417348.37
20250301,2025-03-01,D01,CC102,A210,110158.26
20250301,2025-03-01,D01,CC102,A300,143356.05
20250301,2025-03-01,D01,CC102,A310,102634.62
20250301,2025-03-01,D01,CC102,A400,75563.07
20250301,2025-03-01,D01,CC102,A500,36760.86
20250301,2025-03-01,D01,CC102,A800,55223.0
20250301,2025-03-01,D02,CC201,A200,1160802.7
20250301,2025-03-01,D02,CC201,A210,301010.15
20250301,2025-03-01,D02,CC201,A300,391826.36
20250301,2025-03-01,D02,CC201,A400,210904.95
20250301,2025-03-01,D02,CC201,A500,99280.77
20250301,2025-03-01,D02,CC201,A700,8700075.93
20250301,2025-03-01,D02,CC201,A800,152547.94
20250301,2025-03-01,D02,CC202,A200,1152324.04
20250301,2025-03-01,D02,CC202,A210,295343.49
20250301,2025-03-01,D02,CC202,A300,398702.52
20250301,2025-03-01,D02,CC202,A400,207927.64
20250301,2025-03-01,D02,CC202,A500,99713.46
20250301,2025-03-01,D02,CC202,A700,8648469.62
20250301,2025-03-01,D02,CC202,A800,157181.29
20250301,2025-03-01,D03,CC301,A200,681957.71
20250301,2025-03-01,D03,CC301,A210,174295.06
20250301,2025-03-01,D03,CC301,A300,238397.59
20250301,2025-03-01,D03,CC301,A310,166950.63
20250301,2025-03-01,D03,CC301,A400,123245.71
20250301,2025-03-01,D03,CC301,A500,59463.66
20250301,2025-03-01,D03,CC301,A800,90526.51
20250301,2025-03-01,D04,CC401,A200,521834.98
20250301,2025-03-01,D04,CC401,A210,134730.42
20250301,2025-03-01,D04,CC401,A300,184291.45
20250301,2025-03-01,D04,CC401,A310,128964.63
20250301,2025-03-01,D04,CC401,A400,93653.31
20250301,2025-03-01,D04,CC401,A500,44884.57
20250301,2025-03-01,D04,CC401,A800,70980.01
20250301,2025-03-01,D05,CC501,A200,744662.96
20250301,2025-03-01,D05,CC501,A210,191328.15
20250301,2025-03-01,D05,CC501,A300,253921.81
20250301,2025-03-01,D05,CC501,A310,185453.41
20250301,2025-03-01,D05,CC501,A400,132746.36
20250301,2025-03-01,D05,CC501,A500,62831.69
20250301,2025-03-01,D05,CC501,A800,99359.19
20250301,2025-03-01,D05,CC502,A200,732064.93
20250301,2025-03-01,D05,CC502,A210,189585.64
20250301,2025-03-01,D05,CC502,A300,249326.55
20250301,2025-03-01,D05,CC502,A310,183612.31
20250301,2025-03-01,D05,CC502,A400,134697.72
20250301,2025-03-01,D05,CC502,A500,64017.06
20250301,2025-03-01,D05,CC502,A800,100212.19
20250301,2025-03-01,D06,CC601,A200,368097.25
20250301,2025-03-01,D06,CC601,A210,94473.19
20250301,2025-03-01,D06,CC601,A300,125872.21
20250301,2025-03-01,D06,CC601,A310,92678.87
20250301,2025-03-01,D06,CC601,A400,66391.65
20250301,2025-03-01,D06,CC601,A500,31562.31
20250301,2025-03-01,D06,CC601,A800,49596.65
20250301,2025-03-01,D07,CC701,A100,5753366.67
20250301,2025-03-01,D07,CC701,A110,889156.67
20250301,2025-03-01,D07,CC701,A200,581319.95
20250301,2025-03-01,D07,CC701,A210,151921.45
20250301,2025-03-01,D07,CC701,A310,144460.55
20250301,2025-03-01,D07,CC701,A400,105323.33
20250301,2025-03-01,D07,CC701,A500,50769.1
20250301,2025-03-01,D07,CC701,A600,261476.88
20250301,2025-03-01,D07,CC701,A800,78120.2
20250301,2025-03-01,D08,CC801,A200,848057.93
20250301,2025-03-01,D08,CC801,A210,217705.51
20250301,2025-03-01,D08,CC801,A300,294075.33
20250301,2025-03-01,D08,CC801,A310,208501.53
20250301,2025-03-01,D08,CC801,A400,154846.98
20250301,2025-03-01,D08,CC801,A500,72671.84
20250301,2025-03-01,D08,CC801,A700,6188177.77
20250301,2025-03-01,D08,CC801,A800,112887.28
20250301,2025-03-01,D08,CC802,A200,830887.48
20250301,2025-03-01,D08,CC802,A210,217883.95
20250301,2025-03-01,D08,CC802,A310,210930.79
20250301,2025-03-01,D08,CC802,A400,153887.7
20250301,2025-03-01,D08,CC802,A500,72406.47
20250301,2025-03-01,D08,CC802,A700,6299040.34
20250301,2025-03-01,D08,CC802,A800,112384.35
20250401,2025-04-01,D01,CC101,A200,423373.85
20250401,2025-04-01,D01,CC101,A210,107438.78
20250401,2025-04-01,D01,CC101,A310,105538.77
20250401,2025-04-01,D01,CC101,A400,77766.96
20250401,2025-04-01,D01,CC101,A500,36632.71
20250401,2025-04-01,D01,CC101,A800,55441.32
20250401,2025-04-01,D01,CC102,A100,2583142.96
20250401,2025-04-01,D01,CC102,A110,399213.0
20250401,2025-04-01,D01,CC102,A200,412899.63
20250401,2025-04-01,D01,CC102,A210,108699.56
20250401,2025-04-01,D01,CC102,A310,104042.89
20250401,2025-04-01,D01,CC102,A400,76760.57
20250401,2025-04-01,D01,CC102,A500,35835.62
20250401,2025-04-01,D01,CC102,A800,56760.5
20250401,2025-04-01,D02,CC201,A200,1137536.17
20250401,2025-04-01,D02,CC201,A210,296666.6
20250401,2025-04-01,D02,CC201,A300,402302.97
20250401,2025-04-01,D02,CC201,A400,211567.26
20250401,2025-04-01,D02,CC201,A500,98867.98
20250401,2025-04-01,D02,CC201,A700,8615155.46
20250401,2025-04-01,D02,CC201,A800,155794.42
20250401,2025-04-01,D02,CC202,A200,1144557.77
20250401,2025-04-01,D02,CC202,A210,296896.13
20250401,2025-04-01,D02,CC202,A300,392259.36
20250401,2025-04-01,D02,CC202,A310,286035.16
20250401,2025-04-01,D02,CC202,A400,209583.35
20250401,2025-04-01,D02,CC202,A500,100576.36
20250401,2025-04-01,D02,CC202,A700,8772208.32
20250401,2025-04-01,D02,CC202,A800,156256.85
20250401,2025-04-01,D03,CC301,A200,684085.5
20250401,2025-04-01,D03,CC301,A210,175584.72
20250401,2025-04-01,D03,CC301,A310,173693.91
20250401,2025-04-01,D03,CC301,A400,126227.44
20250401,2025-04-01,D03,CC301,A500,58969.03
20250401,2025-04-01,D03,CC301,A800,91204.04
20250401,2025-04-01,D04,CC401,A200,517012.36
20250401,2025-04-01,D04,CC401,A210,137402.61
20250401,2025-04-01,D04,CC401,A300,180600.12
20250401,2025-04-01,D04,CC401,A310,130900.33
20250401,2025-04-01,D04,CC401,A400,96155.39
20250401,2025-04-01,D04,CC401,A500,44682.6
20250401,2025-04-01,D04,CC401,A800,71697.77
20250401,2025-04-01,D05,CC501,A200,726185.22
20250401,2025-04-01,D05,CC501,A210,193775.8
20250401,2025-04-01,D05,CC501,A300,250542.18
20250401,2025-04-01,D05,CC501,A310,183538.34
20250401,2025-04-01,D05,CC501,A400,132208.52
20250401,2025-04-01,D05,CC501,A500,64169.32
20250401,2025-04-01,D05,CC501,A800,99815.5
20250401,2025-04-01,D05,CC502,A200,722591.34
20250401,2025-04-01,D05,CC502,A210,194097.12
20250401,2025-04-01,D05,CC502,A300,253629.31
20250401,2025-04-01,D05,CC502,A310,180650.28
20250401,2025-04-01,D05,CC502,A400,136728.12
20250401,2025-04-01,D05,CC502,A500,62762.73
20250401,2025-04-01,D05,CC502,A800,98678.44
20250401,2025-04-01,D06,CC601,A200,368611.82
20250401,2025-04-01,D06,CC601,A210,94349.08
20250401,2025-04-01,D06,CC601,A310,90720.98
20250401,2025-04-01,D06,CC601,A400,66621.85
20250401,2025-04-01,D06,CC601,A500,31143.72
20250401,2025-04-01,D06,CC601,A800,48697.19
20250401,2025-04-01,D07,CC701,A100,5740317.69
20250401,2025-04-01,D07,CC701,A110,887140.01
20250401,2025-04-01,D07,CC701,A200,570956.41
20250401,2025-04-01,D07,CC701,A210,147117.36
20250401,2025-04-01,D07,CC701,A300,199542.72
20250401,2025-04-01,D07,CC701,A400,105430.56
20250401,2025-04-01,D07,CC701,A500,50498.82
20250401,2025-04-01,D07,CC701,A600,265863.05
20250401,2025-04-01,D07,CC701,A800,77608.45
20250401,2025-04-01,D08,CC801,A200,838953.31
20250401,2025-04-01,D08,CC801,A210,214236.34
20250401,2025-04-01,D08,CC801,A310,210225.85
20250401,2025-04-01,D08,CC801,A400,153517.41
20250401,2025-04-01,D08,CC801,A500,71465.53
20250401,2025-04-01,D08,CC801,A700,6332598.4
20250401,2025-04-01,D08,CC801,A800,111692.13
20250401,2025-04-01,D08,CC802,A200,833872.74
20250401,2025-04-01,D08,CC802,A210,214360.93
20250401,2025-04-01,D08,CC802,A300,286483.39
20250401,2025-04-01,D08,CC802,A310,206406.06
20250401,2025-04-01,D08,CC802,A400,155242.14
20250401,2025-04-01,D08,CC802,A500,72808.92
20250401,2025-04-01,D08,CC802,A700,6257738.34
20250401,2025-04-01,D08,CC802,A800,114643.48
20250501,2025-05-01,D01,CC101,A200,422543.65
20250501,2025-05-01,D01,CC101,A210,108004.55
20250501,2025-05-01,D01,CC101,A310,104655.96
20250501,2025-05-01,D01,CC101,A400,77831.52
20250501,2025-05-01,D01,CC101,A500,36883.88
20250501,2025-05-01,D01,CC101,A800,55579.76
20250501,2025-05-01,D01,CC102,A100,2553952.5
20250501,2025-05-01,D01,CC102,A110,394701.75
20250501,2025-05-01,D01,CC102,A200,418156.92
20250501,2025-05-01,D01,CC102,A210,109549.85
20250501,2025-05-01,D01,CC102,A300,142945.05
20250501,2025-05-01,D01,CC102,A310,104543.74
20250501,2025-05-01,D01,CC102,A400,77738.07
20250501,2025-05-01,D01,CC102,A500,35768.24
20250501,2025-05-01,D01,CC102,A800,57047.57
20250501,2025-05-01,D02,CC201,A200,1156682.89
20250501,2025-05-01,D02,CC201,A210,303529.06
20250501,2025-05-01,D02,CC201,A310,289181.96
20250501,2025-05-01,D02,CC201,A400,210552.52
20250501,2025-05-01,D02,CC201,A500,99359.45
20250501,2025-05-01,D02,CC201,A700,8595215.39
20250501,2025-05-01,D02,CC201,A800,157336.03
20250501,2025-05-01,D02,CC202,A200,1166775.4
20250501,2025-05-01,D02,CC202,A210,304145.1
20250501,2025-05-01,D02,CC202,A400,215000.33
20250501,2025-05-01,D02,CC202,A500,100449.05
20250501,2025-05-01,D02,CC202,A700,8546486.66
20250501,2025-05-01,D02,CC202,A800,157674.47
20250501,2025-05-01,D03,CC301,A200,695369.66
20250501,2025-05-01,D03,CC301,A210,175724.56
20250501,2025-05-01,D03,CC301,A300,234933.45
20250501,2025-05-01,D03,CC301,A400,124993.22
20250501,2025-05-01,D03,CC301,A500,60143.44
20250501,2025-05-01,D03,CC301,A800,93236.18
20250501,2025-05-01,D04,CC401,A200,518626.91
20250501,2025-05-01,D04,CC401,A210,137996.56
20250501,2025-05-01,D04,CC401,A300,182057.15
20250501,2025-05-01,D04,CC401,A310,133748.0
20250501,2025-05-01,D04,CC401,A400,96587.04
20250501,2025-05-01,D04,CC401,A500,44889.39
20250501,2025-05-01,D04,CC401,A800,70258.12
20250501,2025-05-01,D05,CC501,A200,736709.48
20250501,2025-05-01,D05,CC501,A210,187816.01
20250501,2025-05-01,D05,CC501,A300,258654.48
20250501,2025-05-01,D05,CC501,A310,184175.39
20250501,2025-05-01,D05,CC501,A400,136122.25
20250501,2025-05-01,D05,CC501,A500,64524.84
20250501,2025-05-01,D05,CC501,A800,99046.68
20250501,2025-05-01,D05,CC502,A200,724812.6
20250501,2025-05-01,D05,CC502,A210,192844.13
20250501,2025-05-01,D05,CC502,A300,252367.59
20250501,2025-05-01,D05,CC502,A310,184290.87
20250501,2025-05-01,D05,CC502,A400,133383.19
20250501,2025-05-01,D05,CC502,A500,63984.55
20250501,2025-05-01,D05,CC502,A800,97421.86
20250501,2025-05-01,D06,CC601,A200,365067.18
20250501,2025-05-01,D06,CC601,A210,97156.4
20250501,2025-05-01,D06,CC601,A300,125641.72
20250501,2025-05-01,D06,CC601,A310,91663.81
20250501,2025-05-01,D06,CC601,A400,66763.41
20250501,2025-05-01,D06,CC601,A500,32266.72
20250501,2025-05-01,D06,CC601,A800,50045.13
20250501,2025-05-01,D07,CC701,A100,5675450.0
20250501,2025-05-01,D07,CC701,A110,877115.0
20250501,2025-05-01,D07,CC701,A200,571272.4
20250501,2025-05-01,D07,CC701,A210,150150.0
20250501,2025-05-01,D07,CC701,A310,142360.24
20250501,2025-05-01,D07,CC701,A400,107341.67
20250501,2025-05-01,D07,CC701,A500,50610.94
20250501,2025-05-01,D07,CC701,A600,263471.72
20250501,2025-05-01,D07,CC701,A800,78861.29
20250501,2025-05-01,D08,CC801,A200,838705.43
20250501,2025-05-01,D08,CC801,A210,218032.25
20250501,2025-05-01,D08,CC801,A300,291756.38
20250501,2025-05-01,D08,CC801,A310,213247.34
20250501,2025-05-01,D08,CC801,A400,156753.09
20250501,2025-05-01,D08,CC801,A500,72495.82
20250501,2025-05-01,D08,CC801,A700,6392818.84
20250501,2025-05-01,D08,CC801,A800,112173.61
20250501,2025-05-01,D08,CC802,A200,843542.96
20250501,2025-05-01,D08,CC802,A210,221589.47
20250501,2025-05-01,D08,CC802,A310,207458.38
20250501,2025-05-01,D08,CC802,A400,152063.61
20250501,2025-05-01,D08,CC802,A500,71460.91
20250501,2025-05-01,D08,CC802,A700,6246080.79
20250501,2025-05-01,D08,CC802,A800,111168.29
20250601,2025-06-01,D01,CC101,A200,424598.4
20250601,2025-06-01,D01,CC101,A210,108640.89
20250601,2025-06-01,D01,CC101,A310,105299.73
20250601,2025-06-01,D01,CC101,A400,76355.52
20250601,2025-06-01,D01,CC101,A500,36856.99
20250601,2025-06-01,D01,CC101,A800,56335.09
20250601,2025-06-01,D01,CC102,A100,2511093.75
20250601,2025-06-01,D01,CC102,A110,388078.12
20250601,2025-06-01,D01,CC102,A200,428906.63
20250601,2025-06-01,D01,CC102,A210,109642.39
20250601,2025-06-01,D01,CC102,A300,146770.95
20250601,2025-06-01,D01,CC102,A310,103767.68
20250601,2025-06-01,D01,CC102,A400,77188.71
20250601,2025-06-01,D01,CC102,A500,36604.12
20250601,2025-06-01,D01,CC102,A800,57125.0
20250601,2025-06-01,D02,CC201,A200,1138223.75
20250601,2025-06-01,D02,CC201,A210,304138.95
20250601,2025-06-01,D02,CC201,A300,399083.41
20250601,2025-06-01,D02,CC201,A310,286399.65
20250601,2025-06-01,D02,CC201,A400,213705.19
20250601,2025-06-01,D02,CC201,A500,98688.4
20250601,2025-06-01,D02,CC201,A700,8633200.67
20250601,2025-06-01,D02,CC201,A800,153382.82
20250601,2025-06-01,D02,CC202,A200,1183392.0
20250601,2025-06-01,D02,CC202,A210,304384.23
20250601,2025-06-01,D02,CC202,A300,407653.74
20250601,2025-06-01,D02,CC202,A310,294691.54
20250601,2025-06-01,D02,CC202,A400,211086.45
20250601,2025-06-01,D02,CC202,A500,100433.8
20250601,2025-06-01,D02,CC202,A700,8809986.27
20250601,2025-06-01,D02,CC202,A800,156886.15
20250601,2025-06-01,D03,CC301,A200,680953.39
20250601,2025-06-01,D03,CC301,A210,176681.17
20250601,2025-06-01,D03,CC301,A300,236002.72
20250601,2025-06-01,D03,CC301,A310,174881.19
20250601,2025-06-01,D03,CC301,A400,127545.96
20250601,2025-06-01,D03,CC301,A500,59028.61
20250601,2025-06-01,D03,CC301,A800,93999.27
20250601,2025-06-01,D04,CC401,A200,533519.95
20250601,2025-06-01,D04,CC401,A210,138494.67
20250601,2025-06-01,D04,CC401,A300,183392.72
20250601,2025-06-01,D04,CC401,A310,133283.82
20250601,2025-06-01,D04,CC401,A400,95992.3
20250601,2025-06-01,D04,CC401,A500,44950.31
20250601,2025-06-01,D04,CC401,A800,70699.78
20250601,2025-06-01,D05,CC501,A200,731534.51
20250601,2025-06-01,D05,CC501,A210,190111.57
20250601,2025-06-01,D05,CC501,A300,251815.71
20250601,2025-06-01,D05,CC501,A310,187598.88
20250601,2025-06-01,D05,CC501,A400,135921.56
20250601,2025-06-01,D05,CC501,A500,63528.65
20250601,2025-06-01,D05,CC501,A800,100985.56
20250601,2025-06-01,D05,CC502,A200,751241.83
20250601,2025-06-01,D05,CC502,A210,191823.41
20250601,2025-06-01,D05,CC502,A300,251981.79
20250601,2025-06-01,D05,CC502,A310,185053.18
20250601,2025-06-01,D05,CC502,A400,135218.35
20250601,2025-06-01,D05,CC502,A500,63431.15
20250601,2025-06-01,D05,CC502,A800,99531.36
20250601,2025-06-01,D06,CC601,A200,363011.64
20250601,2025-06-01,D06,CC601,A210,95686.27
20250601,2025-06-01,D06,CC601,A300,129270.62
20250601,2025-06-01,D06,CC601,A310,92078.24
20250601,2025-06-01,D06,CC601,A400,66455.48
20250601,2025-06-01,D06,CC601,A500,31732.67
20250601,2025-06-01,D06,CC601,A800,50591.36
20250601,2025-06-01,D07,CC701,A100,5580208.33
20250601,2025-06-01,D07,CC701,A110,862395.83
20250601,2025-06-01,D07,CC701,A200,575764.5
20250601,2025-06-01,D07,CC701,A210,148668.62
20250601,2025-06-01,D07,CC701,A300,202660.39
20250601,2025-06-01,D07,CC701,A310,146972.9
20250601,2025-06-01,D07,CC701,A400,106623.86
20250601,2025-06-01,D07,CC701,A500,50758.16
20250601,2025-06-01,D07,CC701,A600,267828.98
20250601,2025-06-01,D07,CC701,A800,79549.91
20250601,2025-06-01,D08,CC801,A200,850379.61
20250601,2025-06-01,D08,CC801,A210,215292.2
20250601,2025-06-01,D08,CC801,A310,209451.28
20250601,2025-06-01,D08,CC801,A400,156442.18
20250601,2025-06-01,D08,CC801,A500,72671.72
20250601,2025-06-01,D08,CC801,A700,6322509.51
20250601,2025-06-01,D08,CC801,A800,111800.71
20250601,2025-06-01,D08,CC802,A200,848029.09
20250601,2025-06-01,D08,CC802,A210,216166.93
20250601,2025-06-01,D08,CC802,A310,211018.69
20250601,2025-06-01,D08,CC802,A400,153035.62
20250601,2025-06-01,D08,CC802,A500,73065.91
20250601,2025-06-01,D08,CC802,A700,6293747.15
20250601,2025-06-01,D08,CC802,A800,115371.19
20250701,2025-07-01,D01,CC101,A200,423901.22
20250701,2025-07-01,D01,CC101,A210,111571.12
20250701,2025-07-01,D01,CC101,A300,145937.33
20250701,2025-07-01,D01,CC101,A310,104014.85
20250701,2025-07-01,D01,CC101,A400,76648.63
20250701,2025-07-01,D01,CC101,A500,36071.48
20250701,2025-07-01,D01,CC101,A800,57652.13
20250701,2025-07-01,D01,CC102,A100,2467946.25
20250701,2025-07-01,D01,CC102,A110,381409.88
20250701,2025-07-01,D01,CC102,A200,415581.44
20250701,2025-07-01,D01,CC102,A210,109774.59
20250701,2025-07-01,D01,CC102,A300,145511.74
20250701,2025-07-01,D01,CC102,A310,106832.99
20250701,2025-07-01,D01,CC102,A400,78345.46
20250701,2025-07-01,D01,CC102,A500,36336.65
20250701,2025-07-01,D01,CC102,A800,57376.14
20250701,2025-07-01,D02,CC201,A200,1177837.14
20250701,2025-07-01,D02,CC201,A210,296475.66
20250701,2025-07-01,D02,CC201,A300,407380.96
20250701,2025-07-01,D02,CC201,A310,287169.69
20250701,2025-07-01,D02,CC201,A400,215559.57
20250701,2025-07-01,D02,CC201,A500,98845.06
20250701,2025-07-01,D02,CC201,A700,8562160.04
20250701,2025-07-01,D02,CC201,A800,157889.02
20250701,2025-07-01,D02,CC202,A200,1183599.79
20250701,2025-07-01,D02,CC202,A210,296906.4
20250701,2025-07-01,D02,CC202,A310,291301.56
20250701,2025-07-01,D02,CC202,A400,216163.15
20250701,2025-07-01,D02,CC202,A500,101828.43
20250701,2025-07-01,D02,CC202,A700,8797656.17
20250701,2025-07-01,D02,CC202,A800,155106.23
20250701,2025-07-01,D03,CC301,A200,700841.28
20250701,2025-07-01,D03,CC301,A210,176480.38
20250701,2025-07-01,D03,CC301,A310,173989.39
20250701,2025-07-01,D03,CC301,A400,126549.03
20250701,2025-07-01,D03,CC301,A500,60281.79
20250701,2025-07-01,D03,CC301,A800,91816.4
20250701,2025-07-01,D04,CC401,A200,525848.44
20250701,2025-07-01,D04,CC401,A210,137247.55
20250701,2025-07-01,D04,CC401,A300,184587.15
20250701,2025-07-01,D04,CC401,A310,130912.35
20250701,2025-07-01,D04,CC401,A400,97195.86
20250701,2025-07-01,D04,CC401,A500,46185.59
20250701,2025-07-01,D04,CC401,A800,69815.26
20250701,2025-07-01,D05,CC501,A200,737981.71
20250701,2025-07-01,D05,CC501,A210,192134.03
20250701,2025-07-01,D05,CC501,A300,254575.82
20250701,2025-07-01,D05,CC501,A310,182143.97
20250701,2025-07-01,D05,CC501,A400,136535.26
20250701,2025-07-01,D05,CC501,A500,63269.33
20250701,2025-07-01,D05,CC501,A800,101388.76
20250701,2025-07-01,D05,CC502,A200,740603.23
20250701,2025-07-01,D05,CC502,A210,195584.73
20250701,2025-07-01,D05,CC502,A300,257107.04
20250701,2025-07-01,D05,CC502,A310,183589.16
20250701,2025-07-01,D05,CC502,A400,135294.55
20250701,2025-07-01,D05,CC502,A500,64020.5
20250701,2025-07-01,D05,CC502,A800,98368.82
20250701,2025-07-01,D06,CC601,A200,365721.1
20250701,2025-07-01,D06,CC601,A210,96414.45
20250701,2025-07-01,D06,CC601,A300,130241.11
20250701,2025-07-01,D06,CC601,A400,68121.85
20250701,2025-07-01,D06,CC601,A500,31825.1
20250701,2025-07-01,D06,CC601,A800,49330.05
20250701,2025-07-01,D07,CC701,A100,5484325.0
20250701,2025-07-01,D07,CC701,A110,847577.5
20250701,2025-07-01,D07,CC701,A200,586497.73
20250701,2025-07-01,D07,CC701,A210,149931.1
20250701,2025-07-01,D07,CC701,A300,203105.38
20250701,2025-07-01,D07,CC701,A310,144309.6
20250701,2025-07-01,D07,CC701,A400,104770.26
20250701,2025-07-01,D07,CC701,A500,50579.28
20250701,2025-07-01,D07,CC701,A600,268306.55
20250701,2025-07-01,D07,CC701,A800,77465.03
20250701,2025-07-01,D08,CC801,A200,859195.25
20250701,2025-07-01,D08,CC801,A210,221571.35
20250701,2025-07-01,D08,CC801,A310,211686.45
20250701,2025-07-01,D08,CC801,A400,153596.67
20250701,2025-07-01,D08,CC801,A500,72396.71
20250701,2025-07-01,D08,CC801,A700,6351835.01
20250701,2025-07-01,D08,CC801,A800,114020.39
20250701,2025-07-01,D08,CC802,A200,845286.04
20250701,2025-07-01,D08,CC802,A210,218865.26
20250701,2025-07-01,D08,CC802,A300,287710.07
20250701,2025-07-01,D08,CC802,A310,215319.0
20250701,2025-07-01,D08,CC802,A400,151763.12
20250701,2025-07-01,D08,CC802,A500,74038.98
20250701,2025-07-01,D08,CC802,A700,6328974.48
20250701,2025-07-01,D08,CC802,A800,115644.88
20250801,2025-08-01,D01,CC101,A200,427596.05
20250801,2025-08-01,D01,CC101,A210,110881.81
20250801,2025-08-01,D01,CC101,A300,147109.52
20250801,2025-08-01,D01,CC101,A400,76071.16
20250801,2025-08-01,D01,CC101,A500,36800.31
20250801,2025-08-01,D01,CC101,A800,56566.21
20250801,2025-08-01,D01,CC102,A100,2438044.28
20250801,2025-08-01,D01,CC102,A110,376788.66
20250801,2025-08-01,D01,CC102,A200,423122.06
20250801,2025-08-01,D01,CC102,A210,108069.87
20250801,2025-08-01,D01,CC102,A310,106986.27
20250801,2025-08-01,D01,CC102,A400,77248.49
20250801,2025-08-01,D01,CC102,A500,37269.47
20250801,2025-08-01,D01,CC102,A800,56661.65
20250801,2025-08-01,D02,CC201,A200,1158900.51
20250801,2025-08-01,D02,CC201,A210,300889.75
20250801,2025-08-01,D02,CC201,A300,399576.1
20250801,2025-08-01,D02,CC201,A310,296271.78
20250801,2025-08-01,D02,CC201,A400,212646.05
20250801,2025-08-01,D02,CC201,A500,102805.63
20250801,2025-08-01,D02,CC201,A700,8691694.54
20250801,2025-08-01,D02,CC201,A800,156367.62
20250801,2025-08-01,D02,CC202,A200,1183668.89
20250801,2025-08-01,D02,CC202,A210,306770.54
20250801,2025-08-01,D02,CC202,A300,405010.95
20250801,2025-08-01,D02,CC202,A400,214518.58
20250801,2025-08-01,D02,CC202,A500,99374.46
20250801,2025-08-01,D02,CC202,A700,8674088.63
20250801,2025-08-01,D02,CC202,A800,159492.66
20250801,2025-08-01,D03,CC301,A200,695990.71
20250801,2025-08-01,D03,CC301,A210,181729.79
20250801,2025-08-01,D03,CC301,A310,175637.84
20250801,2025-08-01,D03,CC301,A400,125915.2
20250801,2025-08-01,D03,CC301,A500,58988.82
20250801,2025-08-01,D03,CC301,A800,93881.26
20250801,2025-08-01,D04,CC401,A200,527629.5
20250801,2025-08-01,D04,CC401,A210,137741.25
20250801,2025-08-01,D04,CC401,A300,186171.0
20250801,2025-08-01,D04,CC401,A310,132985.93
20250801,2025-08-01,D04,CC401,A400,96011.97
20250801,2025-08-01,D04,CC401,A500,45767.36
20250801,2025-08-01,D04,CC401,A800,71085.85
20250801,2025-08-01,D05,CC501,A200,747457.44
20250801,2025-08-01,D05,CC501,A210,195339.62
20250801,2025-08-01,D05,CC501,A300,257048.27
20250801,2025-08-01,D05,CC501,A310,183258.93
20250801,2025-08-01,D05,CC501,A400,137978.6
20250801,2025-08-01,D05,CC501,A500,63151.55
20250801,2025-08-01,D05,CC501,A800,101781.6
20250801,2025-08-01,D05,CC502,A200,740260.11
20250801,2025-08-01,D05,CC502,A210,194456.93
20250801,2025-08-01,D05,CC502,A300,255840.77
20250801,2025-08-01,D05,CC502,A310,186581.41
20250801,2025-08-01,D05,CC502,A400,133037.0
20250801,2025-08-01,D05,CC502,A500,64361.9
20250801,2025-08-01,D05,CC502,A800,98069.39
20250801,2025-08-01,D06,CC601,A200,375980.48
20250801,2025-08-01,D06,CC601,A210,94872.29
20250801,2025-08-01,D06,CC601,A300,130193.62
20250801,2025-08-01,D06,CC601,A310,92508.87
20250801,2025-08-01,D06,CC601,A400,67113.6
20250801,2025-08-01,D06,CC601,A500,32340.79
20250801,2025-08-01,D06,CC601,A800,49187.41
20250801,2025-08-01,D07,CC701,A100,5417876.18
20250801,2025-08-01,D07,CC701,A110,837308.14
20250801,2025-08-01,D07,CC701,A200,582135.31
20250801,2025-08-01,D07,CC701,A210,153701.57
20250801,2025-08-01,D07,CC701,A400,108203.69
20250801,2025-08-01,D07,CC701,A500,49594.49
20250801,2025-08-01,D07,CC701,A600,273692.82
20250801,2025-08-01,D07,CC701,A800,79919.65
20250801,2025-08-01,D08,CC801,A200,851942.37
20250801,2025-08-01,D08,CC801,A210,219513.34
20250801,2025-08-01,D08,CC801,A310,211305.62
20250801,2025-08-01,D08,CC801,A400,156689.17
20250801,2025-08-01,D08,CC801,A500,74128.77
20250801,2025-08-01,D08,CC801,A700,6253728.27
20250801,2025-08-01,D08,CC801,A800,113557.94
20250801,2025-08-01,D08,CC802,A200,845478.76
20250801,2025-08-01,D08,CC802,A210,218411.56
20250801,2025-08-01,D08,CC802,A300,299065.72
20250801,2025-08-01,D08,CC802,A310,208729.26
20250801,2025-08-01,D08,CC802,A400,156425.49
20250801,2025-08-01,D08,CC802,A500,74092.08
20250801,2025-08-01,D08,CC802,A700,6320708.68
20250801,2025-08-01,D08,CC802,A800,113410.17
20250901,2025-09-01,D01,CC101,A200,419448.9
20250901,2025-09-01,D01,CC101,A210,110761.99
20250901,2025-09-01,D01,CC101,A300,144961.36
20250901,2025-09-01,D01,CC101,A310,105540.55
20250901,2025-09-01,D01,CC101,A400,79021.24
20250901,2025-09-01,D01,CC101,A500,36946.04
20250901,2025-09-01,D01,CC101,A800,56478.79
20250901,2025-09-01,D01,CC102,A100,2431440.0
20250901,2025-09-01,D01,CC102,A110,375768.0
20250901,2025-09-01,D01,CC102,A200,418502.37
20250901,2025-09-01,D01,CC102,A210,111072.75
20250901,2025-09-01,D01,CC102,A400,79169.59
20250901,2025-09-01,D01,CC102,A500,37288.09
20250901,2025-09-01,D01,CC102,A800,58029.82
20250901,2025-09-01,D02,CC201,A200,1153653.87
20250901,2025-09-01,D02,CC201,A210,300293.19
20250901,2025-09-01,D02,CC201,A300,401859.46
20250901,2025-09-01,D02,CC201,A310,289657.91
20250901,2025-09-01,D02,CC201,A400,212960.72
20250901,2025-09-01,D02,CC201,A500,101683.74
20250901,2025-09-01,D02,CC201,A700,8797795.22
20250901,2025-09-01,D02,CC201,A800,158906.82
20250901,2025-09-01,D02,CC202,A200,1179723.37
20250901,2025-09-01,D02,CC202,A210,302825.42
20250901,2025-09-01,D02,CC202,A310,295193.09
20250901,2025-09-01,D02,CC202,A400,218074.64
20250901,2025-09-01,D02,CC202,A500,101336.8
20250901,2025-09-01,D02,CC202,A700,8795528.54
20250901,2025-09-01,D02,CC202,A800,160086.47
20250901,2025-09-01,D03,CC301,A200,680289.4
20250901,2025-09-01,D03,CC301,A210,178553.41
20250901,2025-09-01,D03,CC301,A300,241159.9
20250901,2025-09-01,D03,CC301,A310,172462.24
20250901,2025-09-01,D03,CC301,A400,126435.64
20250901,2025-09-01,D03,CC301,A500,60045.16
20250901,2025-09-01,D03,CC301,A800,94137.79
20250901,2025-09-01,D04,CC401,A200,528833.41
20250901,2025-09-01,D04,CC401,A210,137685.68
20250901,2025-09-01,D04,CC401,A300,181559.86
20250901,2025-09-01,D04,CC401,A400,97150.27
20250901,2025-09-01,D04,CC401,A500,46412.44
20250901,2025-09-01,D04,CC401,A800,72522.12
20250901,2025-09-01,D05,CC501,A200,749396.09
20250901,2025-09-01,D05,CC501,A210,197153.65
20250901,2025-09-01,D05,CC501,A300,254374.23
20250901,2025-09-01,D05,CC501,A310,184249.03
20250901,2025-09-01,D05,CC501,A400,136868.12
20250901,2025-09-01,D05,CC501,A500,64764.26
20250901,2025-09-01,D05,CC501,A800,99840.74
20250901,2025-09-01,D05,CC502,A200,752505.83
20250901,2025-09-01,D05,CC502,A210,190328.99
20250901,2025-09-01,D05,CC502,A300,256085.0
20250901,2025-09-01,D05,CC502,A310,188948.26
20250901,2025-09-01,D05,CC502,A400,136631.26
20250901,2025-09-01,D05,CC502,A500,64077.83
20250901,2025-09-01,D05,CC502,A800,101545.22
20250901,2025-09-01,D06,CC601,A200,374199.12
20250901,2025-09-01,D06,CC601,A210,95226.81
20250901,2025-09-01,D06,CC601,A300,128995.83
20250901,2025-09-01,D06,CC601,A310,91952.79
20250901,2025-09-01,D06,CC601,A400,68447.07
20250901,2025-09-01,D06,CC601,A500,32221.64
20250901,2025-09-01,D06,CC601,A800,50045.05
20250901,2025-09-01,D07,CC701,A100,5403200.0
20250901,2025-09-01,D07,CC701,A110,835040.0
20250901,2025-09-01,D07,CC701,A200,585473.99
20250901,2025-09-01,D07,CC701,A210,151452.15
20250901,2025-09-01,D07,CC701,A400,108055.01
20250901,2025-09-01,D07,CC701,A500,50731.2
20250901,2025-09-01,D07,CC701,A600,272780.75
20250901,2025-09-01,D07,CC701,A800,77577.56
20250901,2025-09-01,D08,CC801,A200,862423.23
20250901,2025-09-01,D08,CC801,A210,216987.1
20250901,2025-09-01,D08,CC801,A300,290032.97
20250901,2025-09-01,D08,CC801,A400,158653.32
20250901,2025-09-01,D08,CC801,A500,74613.46
20250901,2025-09-01,D08,CC801,A700,6456002.94
20250901,2025-09-01,D08,CC801,A800,115016.42
20250901,2025-09-01,D08,CC802,A200,855935.04
20250901,2025-09-01,D08,CC802,A210,218446.05
20250901,2025-09-01,D08,CC802,A300,292139.26
20250901,2025-09-01,D08,CC802,A310,211059.69
20250901,2025-09-01,D08,CC802,A400,158567.31
20250901,2025-09-01,D08,CC802,A500,75043.88
20250901,2025-09-01,D08,CC802,A700,6511392.8
20250901,2025-09-01,D08,CC802,A800,116291.63
20251001,2025-10-01,D01,CC101,A200,432529.42
20251001,2025-10-01,D01,CC101,A210,110788.27
20251001,2025-10-01,D01,CC101,A300,147496.21
20251001,2025-10-01,D01,CC101,A400,78043.71
20251001,2025-10-01,D01,CC101,A500,36751.51
20251001,2025-10-01,D01,CC101,A800,56326.29
20251001,2025-10-01,D01,CC102,A100,2451981.65
20251001,2025-10-01,D01,CC102,A110,378942.62
20251001,2025-10-01,D01,CC102,A200,419463.09
20251001,2025-10-01,D01,CC102,A210,110523.08
20251001,2025-10-01,D01,CC102,A300,146820.94
20251001,2025-10-01,D01,CC102,A310,106062.89
20251001,2025-10-01,D01,CC102,A400,76745.75
20251001,2025-10-01,D01,CC102,A500,36389.7
20251001,2025-10-01,D01,CC102,A800,56322.15
20251001,2025-10-01,D02,CC201,A200,1182886.5
20251001,2025-10-01,D02,CC201,A210,300638.55
20251001,2025-10-01,D02,CC201,A300,402337.38
20251001,2025-10-01,D02,CC201,A400,213596.92
20251001,2025-10-01,D02,CC201,A500,100518.32
20251001,2025-10-01,D02,CC201,A700,8629503.11
20251001,2025-10-01,D02,CC201,A800,156311.56
20251001,2025-10-01,D02,CC202,A200,1183215.47
20251001,2025-10-01,D02,CC202,A210,303849.11
20251001,2025-10-01,D02,CC202,A300,410146.24
20251001,2025-10-01,D02,CC202,A310,289247.29
20251001,2025-10-01,D02,CC202,A400,211338.85
20251001,2025-10-01,D02,CC202,A500,101722.73
20251001,2025-10-01,D02,CC202,A700,8784127.48
20251001,2025-10-01,D02,CC202,A800,155838.59
20251001,2025-10-01,D03,CC301,A200,703733.89
20251001,2025-10-01,D03,CC301,A210,181925.56
20251001,2025-10-01,D03,CC301,A300,238360.68
20251001,2025-10-01,D03,CC301,A400,127012.58
20251001,2025-10-01,D03,CC301,A500,60705.55
20251001,2025-10-01,D03,CC301,A800,93980.48
20251001,2025-10-01,D04,CC401,A200,533853.27
20251001,2025-10-01,D04,CC401,A210,136075.28
20251001,2025-10-01,D04,CC401,A300,181863.56
20251001,2025-10-01,D04,CC401,A310,135961.73
20251001,2025-10-01,D04,CC401,A400,96058.58
20251001,2025-10-01,D04,CC401,A500,45932.63
20251001,2025-10-01,D04,CC401,A800,73143.37
20251001,2025-10-01,D05,CC501,A200,734185.97
20251001,2025-10-01,D05,CC501,A210,190551.17
20251001,2025-10-01,D05,CC501,A300,259945.01
20251001,2025-10-01,D05,CC501,A310,188285.25
20251001,2025-10-01,D05,CC501,A400,137124.83
20251001,2025-10-01,D05,CC501,A500,64682.99
20251001,2025-10-01,D05,CC501,A800,100718.89
20251001,2025-10-01,D05,CC502,A200,757107.12
20251001,2025-10-01,D05,CC502,A210,195502.67
20251001,2025-10-01,D05,CC502,A300,254041.71
20251001,2025-10-01,D05,CC502,A310,186429.14
20251001,2025-10-01,D05,CC502,A400,137810.81
20251001,2025-10-01,D05,CC502,A500,65191.41
20251001,2025-10-01,D05,CC502,A800,102394.94
20251001,2025-10-01,D06,CC601,A200,376853.72
20251001,2025-10-01,D06,CC601,A210,98071.17
20251001,2025-10-01,D06,CC601,A300,126873.19
20251001,2025-10-01,D06,CC601,A400,68825.23
20251001,2025-10-01,D06,CC601,A500,32268.94
20251001,2025-10-01,D06,CC601,A800,50420.79
20251001,2025-10-01,D07,CC701,A100,5448848.11
20251001,2025-10-01,D07,CC701,A110,842094.71
20251001,2025-10-01,D07,CC701,A200,587222.21
20251001,2025-10-01,D07,CC701,A210,150840.93
20251001,2025-10-01,D07,CC701,A310,148852.24
20251001,2025-10-01,D07,CC701,A400,108275.52
20251001,2025-10-01,D07,CC701,A500,50629.21
20251001,2025-10-01,D07,CC701,A600,266355.48
20251001,2025-10-01,D07,CC701,A800,80291.73
20251001,2025-10-01,D08,CC801,A200,870282.02
20251001,2025-10-01,D08,CC801,A210,221360.5
20251001,2025-10-01,D08,CC801,A310,209258.84
20251001,2025-10-01,D08,CC801,A400,154766.47
20251001,2025-10-01,D08,CC801,A500,74161.0
20251001,2025-10-01,D08,CC801,A700,6325781.84
20251001,2025-10-01,D08,CC801,A800,113768.2
20251001,2025-10-01,D08,CC802,A200,844720.91
20251001,2025-10-01,D08,CC802,A210,225014.54
20251001,2025-10-01,D08,CC802,A300,299686.09
20251001,2025-10-01,D08,CC802,A310,211224.37
20251001,2025-10-01,D08,CC802,A400,159090.83
20251001,2025-10-01,D08,CC802,A500,75135.12
20251001,2025-10-01,D08,CC802,A700,6455247.34
20251001,2025-10-01,D08,CC802,A800,113031.55
20251101,2025-11-01,D01,CC101,A200,433612.8
20251101,2025-11-01,D01,CC101,A210,110860.93
20251101,2025-11-01,D01,CC101,A400,79157.82
20251101,2025-11-01,D01,CC101,A500,36780.36
20251101,2025-11-01,D01,CC101,A800,56947.99
20251101,2025-11-01,D01,CC102,A100,2496243.75
20251101,2025-11-01,D01,CC102,A110,385783.12
20251101,2025-11-01,D01,CC102,A200,428748.55
20251101,2025-11-01,D01,CC102,A210,110297.74
20251101,2025-11-01,D01,CC102,A310,108430.7
20251101,2025-11-01,D01,CC102,A400,79267.66
20251101,2025-11-01,D01,CC102,A500,36676.86
20251101,2025-11-01,D01,CC102,A800,58041.8
20251101,2025-11-01,D02,CC201,A200,1155283.13
20251101,2025-11-01,D02,CC201,A210,308695.63
20251101,2025-11-01,D02,CC201,A300,401677.91
20251101,2025-11-01,D02,CC201,A310,289993.83
20251101,2025-11-01,D02,CC201,A400,216216.89
20251101,2025-11-01,D02,CC201,A500,100904.57
20251101,2025-11-01,D02,CC201,A700,8676417.17
20251101,2025-11-01,D02,CC201,A800,156138.33
20251101,2025-11-01,D02,CC202,A200,1169433.56
20251101,2025-11-01,D02,CC202,A210,301603.17
20251101,2025-11-01,D02,CC202,A300,399879.62
20251101,2025-11-01,D02,CC202,A400,212404.13
20251101,2025-11-01,D02,CC202,A500,99990.96
20251101,2025-11-01,D02,CC202,A700,8757879.09
20251101,2025-11-01,D02,CC202,A800,155708.42
20251101,2025-11-01,D03,CC301,A200,687352.98
20251101,2025-11-01,D03,CC301,A210,181563.42
20251101,2025-11-01,D03,CC301,A300,243540.69
20251101,2025-11-01,D03,CC301,A310,176800.23
20251101,2025-11-01,D03,CC301,A400,125474.24
20251101,2025-11-01,D03,CC301,A500,61159.35
20251101,2025-11-01,D03,CC301,A800,95495.52
20251101,2025-11-01,D04,CC401,A200,545861.56
20251101,2025-11-01,D04,CC401,A210,139809.27
20251101,2025-11-01,D04,CC401,A300,181959.28
20251101,2025-11-01,D04,CC401,A310,135383.2
20251101,2025-11-01,D04,CC401,A400,99120.93
20251101,2025-11-01,D04,CC401,A500,46879.75
20251101,2025-11-01,D04,CC401,A800,70682.12
20251101,2025-11-01,D05,CC501,A200,751139.58
20251101,2025-11-01,D05,CC501,A210,198309.43
20251101,2025-11-01,D05,CC501,A300,257369.12
20251101,2025-11-01,D05,CC501,A310,185305.06
20251101,2025-11-01,D05,CC501,A400,134145.33
20251101,2025-11-01,D05,CC501,A500,63879.17
20251101,2025-11-01,D05,CC501,A800,102247.29
20251101,2025-11-01,D05,CC502,A200,751828.95
20251101,2025-11-01,D05,CC502,A210,197208.29
20251101,2025-11-01,D05,CC502,A300,258038.63
20251101,2025-11-01,D05,CC502,A310,184319.13
20251101,2025-11-01,D05,CC502,A400,135003.94
20251101,2025-11-01,D05,CC502,A500,66032.23
20251101,2025-11-01,D05,CC502,A800,102749.4
20251101,2025-11-01,D06,CC601,A200,378917.14
20251101,2025-11-01,D06,CC601,A210,95993.29
20251101,2025-11-01,D06,CC601,A310,95335.4
20251101,2025-11-01,D06,CC601,A400,69792.72
20251101,2025-11-01,D06,CC601,A500,32551.52
20251101,2025-11-01,D06,CC601,A800,49866.17
20251101,2025-11-01,D07,CC701,A100,5547208.33
20251101,2025-11-01,D07,CC701,A110,857295.83
20251101,2025-11-01,D07,CC701,A200,580862.97
20251101,2025-11-01,D07,CC701,A210,154108.71
20251101,2025-11-01,D07,CC701,A300,201861.25
20251101,2025-11-01,D07,CC701,A400,105861.71
20251101,2025-11-01,D07,CC701,A500,51417.7
20251101,2025-11-01,D07,CC701,A600,271624.82
20251101,2025-11-01,D07,CC701,A800,77982.43
20251101,2025-11-01,D08,CC801,A200,861437.47
20251101,2025-11-01,D08,CC801,A210,218509.42
20251101,2025-11-01,D08,CC801,A310,210420.69
20251101,2025-11-01,D08,CC801,A400,157884.94
20251101,2025-11-01,D08,CC801,A500,72893.96
20251101,2025-11-01,D08,CC801,A700,6417565.43
20251101,2025-11-01,D08,CC801,A800,113722.08
20251101,2025-11-01,D08,CC802,A200,842609.48
20251101,2025-11-01,D08,CC802,A210,224053.47
20251101,2025-11-01,D08,CC802,A400,154791.09
20251101,2025-11-01,D08,CC802,A500,75107.33
20251101,2025-11-01,D08,CC802,A700,6403403.42
20251101,2025-11-01,D08,CC802,A800,115728.73
20251201,2025-12-01,D01,CC101,A200,423693.58
20251201,2025-12-01,D01,CC101,A210,112997.73
20251201,2025-12-01,D01,CC101,A300,149577.35
20251201,2025-12-01,D01,CC101,A400,79647.83
20251201,2025-12-01,D01,CC101,A500,36803.21
20251201,2025-12-01,D01,CC101,A800,57261.61
20251201,2025-12-01,D01,CC102,A100,2554406.25
20251201,2025-12-01,D01,CC102,A110,394771.87
20251201,2025-12-01,D01,CC102,A200,437430.5
20251201,2025-12-01,D01,CC102,A210,112984.48
20251201,2025-12-01,D01,CC102,A300,150801.11
20251201,2025-12-01,D01,CC102,A310,105528.92
20251201,2025-12-01,D01,CC102,A400,78444.93
20251201,2025-12-01,D01,CC102,A500,37418.85
20251201,2025-12-01,D01,CC102,A800,58391.25
20251201,2025-12-01,D02,CC201,A200,1203002.8
20251201,2025-12-01,D02,CC201,A210,305589.24
20251201,2025-12-01,D02,CC201,A300,410784.92
20251201,2025-12-01,D02,CC201,A310,300066.0
20251201,2025-12-01,D02,CC201,A400,214819.77
20251201,2025-12-01,D02,CC201,A500,102005.24
20251201,2025-12-01,D02,CC201,A700,8898863.47
20251201,2025-12-01,D02,CC201,A800,158396.89
20251201,2025-12-01,D02,CC202,A200,1192906.02
20251201,2025-12-01,D02,CC202,A210,307297.32
20251201,2025-12-01,D02,CC202,A300,406152.54
20251201,2025-12-01,D02,CC202,A310,296462.35
20251201,2025-12-01,D02,CC202,A400,212632.5
20251201,2025-12-01,D02,CC202,A500,100291.23
20251201,2025-12-01,D02,CC202,A700,8762322.7
20251201,2025-12-01,D02,CC202,A800,161465.01
20251201,2025-12-01,D03,CC301,A200,692192.08
20251201,2025-12-01,D03,CC301,A210,182552.01
20251201,2025-12-01,D03,CC301,A310,174025.17
20251201,2025-12-01,D03,CC301,A400,127037.96
20251201,2025-12-01,D03,CC301,A500,59679.86
20251201,2025-12-01,D03,CC301,A800,94894.44
20251201,2025-12-01,D04,CC401,A200,537011.13
20251201,2025-12-01,D04,CC401,A210,139369.12
20251201,2025-12-01,D04,CC401,A300,182274.61
20251201,2025-12-01,D04,CC401,A310,132826.39
20251201,2025-12-01,D04,CC401,A400,98850.47
20251201,2025-12-01,D04,CC401,A500,46453.27
20251201,2025-12-01,D04,CC401,A800,70889.24
20251201,2025-12-01,D05,CC501,A200,741666.68
20251201,2025-12-01,D05,CC501,A210,193891.49
20251201,2025-12-01,D05,CC501,A300,262675.04
20251201,2025-12-01,D05,CC501,A310,186986.87
20251201,2025-12-01,D05,CC501,A400,139819.8
20251201,2025-12-01,D05,CC501,A500,65483.41
20251201,2025-12-01,D05,CC501,A800,99202.41
20251201,2025-12-01,D05,CC502,A200,736596.96
20251201,2025-12-01,D05,CC502,A210,195852.92
20251201,2025-12-01,D05,CC502,A300,263258.93
20251201,2025-12-01,D05,CC502,A310,188911.66
20251201,2025-12-01,D05,CC502,A400,136436.39
20251201,2025-12-01,D05,CC502,A500,65482.11
20251201,2025-12-01,D05,CC502,A800,99535.21
20251201,2025-12-01,D06,CC601,A200,380836.91
20251201,2025-12-01,D06,CC601,A210,97957.31
20251201,2025-12-01,D06,CC601,A310,94447.77
20251201,2025-12-01,D06,CC601,A400,69213.07
20251201,2025-12-01,D06,CC601,A500,32055.38
20251201,2025-12-01,D06,CC601,A800,51189.93
20251201,2025-12-01,D07,CC701,A100,5676458.33
20251201,2025-12-01,D07,CC701,A110,877270.83
20251201,2025-12-01,D07,CC701,A200,602098.94
20251201,2025-12-01,D07,CC701,A210,152579.44
20251201,2025-12-01,D07,CC701,A300,201817.84
20251201,2025-12-01,D07,CC701,A310,149269.81
20251201,2025-12-01,D07,CC701,A400,107884.27
20251201,2025-12-01,D07,CC701,A500,51857.5
20251201,2025-12-01,D07,CC701,A600,268415.04
20251201,2025-12-01,D07,CC701,A800,80306.19
20251201,2025-12-01,D08,CC801,A200,853047.68
20251201,2025-12-01,D08,CC801,A210,225107.67
20251201,2025-12-01,D08,CC801,A400,155584.32
20251201,2025-12-01,D08,CC801,A500,75399.07
20251201,2025-12-01,D08,CC801,A700,6329741.74
20251201,2025-12-01,D08,CC801,A800,117292.54
20251201,2025-12-01,D08,CC802,A200,843376.37
20251201,2025-12-01,D08,CC802,A210,220257.48
20251201,2025-12-01,D08,CC802,A300,296735.54
20251201,2025-12-01,D08,CC802,A310,214566.69
20251201,2025-12-01,D08,CC802,A400,157720.66
20251201,2025-12-01,D08,CC802,A500,75086.37
20251201,2025-12-01,D08,CC802,A700,6437514.98
20251201,2025-12-01,D08,CC802,A800,116122.66
20260101,2026-01-01,D01,CC101,A200,438574.06
20260101,2026-01-01,D01,CC101,A210,110436.02
20260101,2026-01-01,D01,CC101,A310,106307.75
20260101,2026-01-01,D01,CC101,A400,77869.7
20260101,2026-01-01,D01,CC101,A500,36706.96
20260101,2026-01-01,D01,CC101,A800,57188.02
20260101,2026-01-01,D01,CC102,A100,2612857.5
20260101,2026-01-01,D01,CC102,A110,403805.25
20260101,2026-01-01,D01,CC102,A200,437241.84
20260101,2026-01-01,D01,CC102,A210,113574.67
20260101,2026-01-01,D01,CC102,A300,151533.17
20260101,2026-01-01,D01,CC102,A310,106052.12
20260101,2026-01-01,D01,CC102,A400,77618.49
20260101,2026-01-01,D01,CC102,A500,36570.49
20260101,2026-01-01,D01,CC102,A800,58040.53
20260101,2026-01-01,D02,CC201,A200,1191711.15
20260101,2026-01-01,D02,CC201,A210,309728.12
20260101,2026-01-01,D02,CC201,A300,409440.24
20260101,2026-01-01,D02,CC201,A310,293655.14
20260101,2026-01-01,D02,CC201,A400,214324.7
20260101,2026-01-01,D02,CC201,A500,103820.21
20260101,2026-01-01,D02,CC201,A700,8744514.73
20260101,2026-01-01,D02,CC201,A800,157468.69
20260101,2026-01-01,D02,CC202,A200,1185136.24
20260101,2026-01-01,D02,CC202,A210,304878.68
20260101,2026-01-01,D02,CC202,A310,294004.28
20260101,2026-01-01,D02,CC202,A400,219835.57
20260101,2026-01-01,D02,CC202,A500,101026.98
20260101,2026-01-01,D02,CC202,A700,8959712.48
20260101,2026-01-01,D02,CC202,A800,157675.99
20260101,2026-01-01,D03,CC301,A200,698660.25
20260101,2026-01-01,D03,CC301,A210,178296.24
20260101,2026-01-01,D03,CC301,A310,172081.37
20260101,2026-01-01,D03,CC301,A400,129622.23
20260101,2026-01-01,D03,CC301,A500,60202.45
20260101,2026-01-01,D03,CC301,A800,95610.87
20260101,2026-01-01,D04,CC401,A200,531372.81
20260101,2026-01-01,D04,CC401,A210,138449.78
20260101,2026-01-01,D04,CC401,A300,187409.2
20260101,2026-01-01,D04,CC401,A310,132174.63
20260101,2026-01-01,D04,CC401,A400,97994.74
20260101,2026-01-01,D04,CC401,A500,46907.35
20260101,2026-01-01,D04,CC401,A800,72040.22
20260101,2026-01-01,D05,CC501,A200,763683.22
20260101,2026-01-01,D05,CC501,A210,198904.45
20260101,2026-01-01,D05,CC501,A300,256083.22
20260101,2026-01-01,D05,CC501,A310,189911.38
20260101,2026-01-01,D05,CC501,A400,138077.04
20260101,2026-01-01,D05,CC501,A500,65647.99
20260101,2026-01-01,D05,CC501,A800,102243.79
20260101,2026-01-01,D05,CC502,A200,745902.31
20260101,2026-01-01,D05,CC502,A210,194714.21
20260101,2026-01-01,D05,CC502,A300,265909.03
20260101,2026-01-01,D05,CC502,A310,185785.02
20260101,2026-01-01,D05,CC502,A400,139689.08
20260101,2026-01-01,D05,CC502,A500,64529.19
20260101,2026-01-01,D05,CC502,A800,100304.96
20260101,2026-01-01,D06,CC601,A200,372746.56
20260101,2026-01-01,D06,CC601,A210,97604.45
20260101,2026-01-01,D06,CC601,A310,94762.82
20260101,2026-01-01,D06,CC601,A400,68984.79
20260101,2026-01-01,D06,CC601,A500,32738.39
20260101,2026-01-01,D06,CC601,A800,50731.91
20260101,2026-01-01,D07,CC701,A100,5806350.0
20260101,2026-01-01,D07,CC701,A110,897345.0
20260101,2026-01-01,D07,CC701,A200,590941.58
20260101,2026-01-01,D07,CC701,A210,153532.33
20260101,2026-01-01,D07,CC701,A310,146357.69
20260101,2026-01-01,D07,CC701,A400,110166.78
20260101,2026-01-01,D07,CC701,A500,51646.66
20260101,2026-01-01,D07,CC701,A600,269310.25
20260101,2026-01-01,D07,CC701,A800,78442.07
20260101,2026-01-01,D08,CC801,A200,875938.71
20260101,2026-01-01,D08,CC801,A210,226076.57
20260101,2026-01-01,D08,CC801,A300,303166.75
20260101,2026-01-01,D08,CC801,A310,214853.79
20260101,2026-01-01,D08,CC801,A400,155020.84
20260101,2026-01-01,D08,CC801,A500,73174.38
20260101,2026-01-01,D08,CC801,A700,6453990.71
20260101,2026-01-01,D08,CC801,A800,114423.25
20260101,2026-01-01,D08,CC802,A200,848319.68
20260101,2026-01-01,D08,CC802,A210,226982.22
20260101,2026-01-01,D08,CC802,A300,303038.98
20260101,2026-01-01,D08,CC802,A310,219331.5
20260101,2026-01-01,D08,CC802,A400,156770.92
20260101,2026-01-01,D08,CC802,A500,73920.6
20260101,2026-01-01,D08,CC802,A700,6513134.77
20260101,2026-01-01,D08,CC802,A800,114533.08
20260201,2026-02-01,D01,CC101,A200,429101.41
20260201,2026-02-01,D01,CC101,A210,112767.96
20260201,2026-02-01,D01,CC101,A300,148398.12
20260201,2026-02-01,D01,CC101,A310,108248.33
20260201,2026-02-01,D01,CC101,A400,79663.76
20260201,2026-02-01,D01,CC101,A500,37884.08
20260201,2026-02-01,D01,CC101,A800,57019.62
20260201,2026-02-01,D01,CC102,A100,2657831.11
20260201,2026-02-01,D01,CC102,A110,410755.72
20260201,2026-02-01,D01,CC102,A200,427465.29
20260201,2026-02-01,D01,CC102,A210,111176.45
20260201,2026-02-01,D01,CC102,A300,147083.47
20260201,2026-02-01,D01,CC102,A310,108990.01
20260201,2026-02-01,D01,CC102,A400,79778.73
20260201,2026-02-01,D01,CC102,A500,37610.85
20260201,2026-02-01,D01,CC102,A800,59185.13
20260201,2026-02-01,D02,CC201,A200,1189852.33
20260201,2026-02-01,D02,CC201,A210,309747.83
20260201,2026-02-01,D02,CC201,A300,417780.08
20260201,2026-02-01,D02,CC201,A310,297397.66
20260201,2026-02-01,D02,CC201,A400,220953.22
20260201,2026-02-01,D02,CC201,A500,103504.51
20260201,2026-02-01,D02,CC201,A700,8910257.43
20260201,2026-02-01,D02,CC201,A800,160201.03
20260201,2026-02-01,D02,CC202,A200,1175741.14
20260201,2026-02-01,D02,CC202,A210,304004.85
20260201,2026-02-01,D02,CC202,A310,298216.88
20260201,2026-02-01,D02,CC202,A400,217555.2
20260201,2026-02-01,D02,CC202,A500,102005.12
20260201,2026-02-01,D02,CC202,A700,8751503.84
20260201,2026-02-01,D02,CC202,A800,160075.96
20260201,2026-02-01,D03,CC301,A200,693586.86
20260201,2026-02-01,D03,CC301,A210,180102.92
20260201,2026-02-01,D03,CC301,A300,246017.1
20260201,2026-02-01,D03,CC301,A310,175026.7
20260201,2026-02-01,D03,CC301,A400,128803.79
20260201,2026-02-01,D03,CC301,A500,60283.23
20260201,2026-02-01,D03,CC301,A800,94019.25
20260201,2026-02-01,D04,CC401,A200,548596.86
20260201,2026-02-01,D04,CC401,A210,141815.96
20260201,2026-02-01,D04,CC401,A300,184527.15
20260201,2026-02-01,D04,CC401,A400,100401.67
20260201,2026-02-01,D04,CC401,A500,45894.44
20260201,2026-02-01,D04,CC401,A800,73714.77
20260201,2026-02-01,D05,CC501,A200,756744.42
20260201,2026-02-01,D05,CC501,A210,198325.7
20260201,2026-02-01,D05,CC501,A300,264138.02
20260201,2026-02-01,D05,CC501,A310,187629.27
20260201,2026-02-01,D05,CC501,A400,139667.49
20260201,2026-02-01,D05,CC501,A500,64676.39
20260201,2026-02-01,D05,CC501,A800,102245.64
20260201,2026-02-01,D05,CC502,A200,760841.14
20260201,2026-02-01,D05,CC502,A210,197094.9
20260201,2026-02-01,D05,CC502,A300,263656.67
20260201,2026-02-01,D05,CC502,A310,185924.78
20260201,2026-02-01,D05,CC502,A400,135759.72
20260201,2026-02-01,D05,CC502,A500,65114.41
20260201,2026-02-01,D05,CC502,A800,101852.0
20260201,2026-02-01,D06,CC601,A200,382297.27
20260201,2026-02-01,D06,CC601,A210,96686.72
20260201,2026-02-01,D06,CC601,A300,131977.12
20260201,2026-02-01,D06,CC601,A310,94658.47
20260201,2026-02-01,D06,CC601,A400,69288.31
20260201,2026-02-01,D06,CC601,A500,32438.95
20260201,2026-02-01,D06,CC601,A800,50540.26
20260201,2026-02-01,D07,CC701,A100,5906291.35
20260201,2026-02-01,D07,CC701,A110,912790.48
20260201,2026-02-01,D07,CC701,A200,586429.33
20260201,2026-02-01,D07,CC701,A210,156302.33
20260201,2026-02-01,D07,CC701,A300,205189.09
20260201,2026-02-01,D07,CC701,A400,106719.1
20260201,2026-02-01,D07,CC701,A500,51029.26
20260201,2026-02-01,D07,CC701,A600,269626.33
20260201,2026-02-01,D07,CC701,A800,79337.08
20260201,2026-02-01,D08,CC801,A200,856834.34
20260201,2026-02-01,D08,CC801,A210,222974.83
20260201,2026-02-01,D08,CC801,A400,156006.01
20260201,2026-02-01,D08,CC801,A500,75746.66
20260201,2026-02-01,D08,CC801,A700,6574496.61
20260201,2026-02-01,D08,CC801,A800,115342.14
20260201,2026-02-01,D08,CC802,A200,867229.79
20260201,2026-02-01,D08,CC802,A210,220961.68
20260201,2026-02-01,D08,CC802,A300,293855.85
20260201,2026-02-01,D08,CC802,A310,211838.31
20260201,2026-02-01,D08,CC802,A400,158331.51
20260201,2026-02-01,D08,CC802,A500,74859.94
20260201,2026-02-01,D08,CC802,A700,6547893.7
20260201,2026-02-01,D08,CC802,A800,117512.1
20260301,2026-03-01,D01,CC101,A200,432375.31
20260301,2026-03-01,D01,CC101,A210,112419.74
20260301,2026-03-01,D01,CC101,A300,150563.67
20260301,2026-03-01,D01,CC101,A310,106857.41
20260301,2026-03-01,D01,CC101,A400,80583.31
20260301,2026-03-01,D01,CC101,A500,37258.36
20260301,2026-03-01,D01,CC101,A800,57267.49
20260301,2026-03-01,D01,CC102,A100,2679105.0
20260301,2026-03-01,D01,CC102,A110,414043.5
20260301,2026-03-01,D01,CC102,A200,432201.12
20260301,2026-03-01,D01,CC102,A210,111618.95
20260301,2026-03-01,D01,CC102,A300,151887.63
20260301,2026-03-01,D01,CC102,A400,79589.58
20260301,2026-03-01,D01,CC102,A500,37972.8
20260301,2026-03-01,D01,CC102,A800,59236.14
20260301,2026-03-01,D02,CC201,A200,1208227.27
20260301,2026-03-01,D02,CC201,A210,310416.08
20260301,2026-03-01,D02,CC201,A400,218782.61
20260301,2026-03-01,D02,CC201,A500,102474.62
20260301,2026-03-01,D02,CC201,A700,8834025.93
20260301,2026-03-01,D02,CC201,A800,160169.83
20260301,2026-03-01,D02,CC202,A200,1174578.99
20260301,2026-03-01,D02,CC202,A210,303478.43
20260301,2026-03-01,D02,CC202,A300,404572.73
20260301,2026-03-01,D02,CC202,A400,214750.06
20260301,2026-03-01,D02,CC202,A500,103304.66
20260301,2026-03-01,D02,CC202,A700,8988127.6
20260301,2026-03-01,D02,CC202,A800,159962.65
20260301,2026-03-01,D03,CC301,A200,694331.72
20260301,2026-03-01,D03,CC301,A210,184818.91
20260301,2026-03-01,D03,CC301,A300,241260.91
20260301,2026-03-01,D03,CC301,A310,176538.27
20260301,2026-03-01,D03,CC301,A400,126530.3
20260301,2026-03-01,D03,CC301,A500,60899.37
20260301,2026-03-01,D03,CC301,A800,93186.36
20260301,2026-03-01,D04,CC401,A200,531253.78
20260301,2026-03-01,D04,CC401,A210,138362.75
20260301,2026-03-01,D04,CC401,A300,189804.45
20260301,2026-03-01,D04,CC401,A310,135427.64
20260301,2026-03-01,D04,CC401,A400,98997.1
20260301,2026-03-01,D04,CC401,A500,47379.98
20260301,2026-03-01,D04,CC401,A800,73561.84
20260301,2026-03-01,D05,CC501,A200,745533.84
20260301,2026-03-01,D05,CC501,A210,194612.72
20260301,2026-03-01,D05,CC501,A300,266242.88
20260301,2026-03-01,D05,CC501,A310,191016.44
20260301,2026-03-01,D05,CC501,A400,136314.66
20260301,2026-03-01,D05,CC501,A500,66064.99
20260301,2026-03-01,D05,CC501,A800,100593.14
20260301,2026-03-01,D05,CC502,A200,768485.69
20260301,2026-03-01,D05,CC502,A210,194951.45
20260301,2026-03-01,D05,CC502,A300,261379.62
20260301,2026-03-01,D05,CC502,A310,188448.24
20260301,2026-03-01,D05,CC502,A400,137360.23
20260301,2026-03-01,D05,CC502,A500,66190.93
20260301,2026-03-01,D05,CC502,A800,103012.77
20260301,2026-03-01,D06,CC601,A200,373738.0
20260301,2026-03-01,D06,CC601,A210,97723.11
20260301,2026-03-01,D06,CC601,A300,129365.3
20260301,2026-03-01,D06,CC601,A400,68233.47
20260301,2026-03-01,D06,CC601,A500,32214.56
20260301,2026-03-01,D06,CC601,A800,50057.84
20260301,2026-03-01,D07,CC701,A100,5953566.67
20260301,2026-03-01,D07,CC701,A110,920096.67
20260301,2026-03-01,D07,CC701,A200,605971.06
20260301,2026-03-01,D07,CC701,A210,154186.44
20260301,2026-03-01,D07,CC701,A300,204320.97
20260301,2026-03-01,D07,CC701,A310,147241.65
20260301,2026-03-01,D07,CC701,A400,107632.67
20260301,2026-03-01,D07,CC701,A500,52545.12
20260301,2026-03-01,D07,CC701,A600,273627.5
20260301,2026-03-01,D07,CC701,A800,80903.69
20260301,2026-03-01,D08,CC801,A200,858508.43
20260301,2026-03-01,D08,CC801,A210,223453.95
20260301,2026-03-01,D08,CC801,A300,296097.23
20260301,2026-03-01,D08,CC801,A400,157618.99
20260301,2026-03-01,D08,CC801,A500,74323.25
20260301,2026-03-01,D08,CC801,A700,6613449.44
20260301,2026-03-01,D08,CC801,A800,116922.56
20260301,2026-03-01,D08,CC802,A200,868161.43
20260301,2026-03-01,D08,CC802,A210,228967.83
20260301,2026-03-01,D08,CC802,A300,294092.75
20260301,2026-03-01,D08,CC802,A310,220772.96
20260301,2026-03-01,D08,CC802,A400,157040.56
20260301,2026-03-01,D08,CC802,A500,73470.35
20260301,2026-03-01,D08,CC802,A700,6389067.11
20260301,2026-03-01,D08,CC802,A800,114596.38
20260401,2026-04-01,D01,CC101,A200,431656.25
20260401,2026-04-01,D01,CC101,A210,114741.06
20260401,2026-04-01,D01,CC101,A300,148494.4
20260401,2026-04-01,D01,CC101,A400,78381.88
20260401,2026-04-01,D01,CC101,A500,37057.96
20260401,2026-04-01,D01,CC101,A800,58861.05
20260401,2026-04-01,D01,CC102,A100,2672768.74
20260401,2026-04-01,D01,CC102,A110,413064.26
20260401,2026-04-01,D01,CC102,A200,436295.75
20260401,2026-04-01,D01,CC102,A210,114515.07
20260401,2026-04-01,D01,CC102,A300,152801.03
20260401,2026-04-01,D01,CC102,A310,106614.11
20260401,2026-04-01,D01,CC102,A400,79454.36
20260401,2026-04-01,D01,CC102,A500,37855.07
20260401,2026-04-01,D01,CC102,A800,58913.5
20260401,2026-04-01,D02,CC201,A200,1170733.55
20260401,2026-04-01,D02,CC201,A210,307829.2
20260401,2026-04-01,D02,CC201,A300,408979.12
20260401,2026-04-01,D02,CC201,A310,298497.81
20260401,2026-04-01,D02,CC201,A400,217029.56
20260401,2026-04-01,D02,CC201,A500,102008.15
20260401,2026-04-01,D02,CC201,A700,8858143.54
20260401,2026-04-01,D02,CC201,A800,159038.86
20260401,2026-04-01,D02,CC202,A200,1177134.79
20260401,2026-04-01,D02,CC202,A210,313783.96
20260401,2026-04-01,D02,CC202,A300,419101.46
20260401,2026-04-01,D02,CC202,A310,296124.81
20260401,2026-04-01,D02,CC202,A400,217257.23
20260401,2026-04-01,D02,CC202,A500,104628.34
20260401,2026-04-01,D02,CC202,A700,8937412.24
20260401,2026-04-01,D02,CC202,A800,161125.52
20260401,2026-04-01,D03,CC301,A200,692023.31
20260401,2026-04-01,D03,CC301,A210,186571.44
20260401,2026-04-01,D03,CC301,A300,241057.91
20260401,2026-04-01,D03,CC301,A310,176305.51
20260401,2026-04-01,D03,CC301,A400,128289.91
20260401,2026-04-01,D03,CC301,A500,60191.96
20260401,2026-04-01,D03,CC301,A800,94363.45
20260401,2026-04-01,D04,CC401,A200,550324.64
20260401,2026-04-01,D04,CC401,A210,139374.42
20260401,2026-04-01,D04,CC401,A310,134445.95
20260401,2026-04-01,D04,CC401,A400,98613.53
20260401,2026-04-01,D04,CC401,A500,46807.16
20260401,2026-04-01,D04,CC401,A800,73728.16
20260401,2026-04-01,D05,CC501,A200,765949.98
20260401,2026-04-01,D05,CC501,A210,194136.2
20260401,2026-04-01,D05,CC501,A300,263534.57
20260401,2026-04-01,D05,CC501,A310,191976.07
20260401,2026-04-01,D05,CC501,A400,136904.57
20260401,2026-04-01,D05,CC501,A500,65254.85
20260401,2026-04-01,D05,CC501,A800,102805.0
20260401,2026-04-01,D05,CC502,A200,745521.4
20260401,2026-04-01,D05,CC502,A210,195889.46
20260401,2026-04-01,D05,CC502,A300,263451.99
20260401,2026-04-01,D05,CC502,A310,193530.32
20260401,2026-04-01,D05,CC502,A400,139360.61
20260401,2026-04-01,D05,CC502,A500,65924.55
20260401,2026-04-01,D05,CC502,A800,101508.73
20260401,2026-04-01,D06,CC601,A200,384555.64
20260401,2026-04-01,D06,CC601,A210,97686.72
20260401,2026-04-01,D06,CC601,A300,133342.87
20260401,2026-04-01,D06,CC601,A400,70581.25
20260401,2026-04-01,D06,CC601,A500,32232.57
20260401,2026-04-01,D06,CC601,A800,50593.88
20260401,2026-04-01,D07,CC701,A100,5939486.08
20260401,2026-04-01,D07,CC701,A110,917920.58
20260401,2026-04-01,D07,CC701,A200,602687.61
20260401,2026-04-01,D07,CC701,A210,153527.38
20260401,2026-04-01,D07,CC701,A300,210051.39
20260401,2026-04-01,D07,CC701,A400,110131.73
20260401,2026-04-01,D07,CC701,A500,52396.14
20260401,2026-04-01,D07,CC701,A600,277058.83
20260401,2026-04-01,D07,CC701,A800,80763.37
20260401,2026-04-01,D08,CC801,A200,852756.02
20260401,2026-04-01,D08,CC801,A210,221863.3
20260401,2026-04-01,D08,CC801,A300,297387.31
20260401,2026-04-01,D08,CC801,A400,157454.27
20260401,2026-04-01,D08,CC801,A500,75040.84
20260401,2026-04-01,D08,CC801,A700,6602500.68
20260401,2026-04-01,D08,CC801,A800,118188.95
20260401,2026-04-01,D08,CC802,A200,857707.99
20260401,2026-04-01,D08,CC802,A210,228410.18
20260401,2026-04-01,D08,CC802,A310,216604.67
20260401,2026-04-01,D08,CC802,A400,158401.46
20260401,2026-04-01,D08,CC802,A500,76599.24
20260401,2026-04-01,D08,CC802,A700,6464050.73
20260401,2026-04-01,D08,CC802,A800,114759.26
20260501,2026-05-01,D01,CC101,A200,431116.9
20260501,2026-05-01,D01,CC101,A210,114792.21
20260501,2026-05-01,D01,CC101,A310,108089.24
20260501,2026-05-01,D01,CC101,A400,78336.44
20260501,2026-05-01,D01,CC101,A500,36989.69
20260501,2026-05-01,D01,CC101,A800,58838.91
20260501,2026-05-01,D01,CC102,A100,2642310.0
20260501,2026-05-01,D01,CC102,A110,408357.0
20260501,2026-05-01,D01,CC102,A200,444068.88
20260501,2026-05-01,D01,CC102,A210,113693.71
20260501,2026-05-01,D01,CC102,A400,81079.29
20260501,2026-05-01,D01,CC102,A500,38140.49
20260501,2026-05-01,D01,CC102,A800,59057.04
20260501,2026-05-01,D02,CC201,A200,1216480.82
20260501,2026-05-01,D02,CC201,A210,308307.4
20260501,2026-05-01,D02,CC201,A400,220786.89
20260501,2026-05-01,D02,CC201,A500,105337.91
20260501,2026-05-01,D02,CC201,A700,8856479.63
20260501,2026-05-01,D02,CC201,A800,160329.88
20260501,2026-05-01,D02,CC202,A200,1191593.4
20260501,2026-05-01,D02,CC202,A210,315296.96
20260501,2026-05-01,D02,CC202,A300,417104.31
20260501,2026-05-01,D02,CC202,A310,299317.32
20260501,2026-05-01,D02,CC202,A400,217201.06
20260501,2026-05-01,D02,CC202,A500,103716.16
20260501,2026-05-01,D02,CC202,A700,8847408.99
20260501,2026-05-01,D02,CC202,A800,161092.34
20260501,2026-05-01,D03,CC301,A200,717064.57
20260501,2026-05-01,D03,CC301,A210,185169.17
20260501,2026-05-01,D03,CC301,A300,240715.94
20260501,2026-05-01,D03,CC301,A310,179644.45
20260501,2026-05-01,D03,CC301,A400,126991.92
20260501,2026-05-01,D03,CC301,A500,61024.15
20260501,2026-05-01,D03,CC301,A800,96479.7
20260501,2026-05-01,D04,CC401,A200,534913.73
20260501,2026-05-01,D04,CC401,A210,143903.24
20260501,2026-05-01,D04,CC401,A300,186059.77
20260501,2026-05-01,D04,CC401,A310,134319.01
20260501,2026-05-01,D04,CC401,A400,97864.33
20260501,2026-05-01,D04,CC401,A500,47022.23
20260501,2026-05-01,D04,CC401,A800,72290.2
20260501,2026-05-01,D05,CC501,A200,757020.9
20260501,2026-05-01,D05,CC501,A210,197369.07
20260501,2026-05-01,D05,CC501,A300,268945.13
20260501,2026-05-01,D05,CC501,A310,192506.35
20260501,2026-05-01,D05,CC501,A400,139810.34
20260501,2026-05-01,D05,CC501,A500,66640.83
20260501,2026-05-01,D05,CC501,A800,104467.46
20260501,2026-05-01,D05,CC502,A200,768871.12
20260501,2026-05-01,D05,CC502,A210,197959.34
20260501,2026-05-01,D05,CC502,A300,261653.44
20260501,2026-05-01,D05,CC502,A310,186848.83
20260501,2026-05-01,D05,CC502,A400,137959.14
20260501,2026-05-01,D05,CC502,A500,67063.41
20260501,2026-05-01,D05,CC502,A800,101981.1
20260501,2026-05-01,D06,CC601,A200,382238.68
20260501,2026-05-01,D06,CC601,A210,97295.41
20260501,2026-05-01,D06,CC601,A300,133059.43
20260501,2026-05-01,D06,CC601,A310,95969.0
20260501,2026-05-01,D06,CC601,A400,69868.47
20260501,2026-05-01,D06,CC601,A500,33070.6
20260501,2026-05-01,D06,CC601,A800,51842.41
20260501,2026-05-01,D07,CC701,A100,5871800.0
20260501,2026-05-01,D07,CC701,A110,907460.0
20260501,2026-05-01,D07,CC701,A200,602352.05
20260501,2026-05-01,D07,CC701,A210,157154.77
20260501,2026-05-01,D07,CC701,A310,147575.39
20260501,2026-05-01,D07,CC701,A400,107410.16
20260501,2026-05-01,D07,CC701,A500,51697.3
20260501,2026-05-01,D07,CC701,A600,273248.27
20260501,2026-05-01,D07,CC701,A800,79407.61
20260501,2026-05-01,D08,CC801,A200,855127.79
20260501,2026-05-01,D08,CC801,A210,226096.49
20260501,2026-05-01,D08,CC801,A310,217600.96
20260501,2026-05-01,D08,CC801,A400,159831.51
20260501,2026-05-01,D08,CC801,A500,74068.76
20260501,2026-05-01,D08,CC801,A700,6642005.23
20260501,2026-05-01,D08,CC801,A800,116868.14
20260501,2026-05-01,D08,CC802,A200,874096.7
20260501,2026-05-01,D08,CC802,A210,230489.93
20260501,2026-05-01,D08,CC802,A300,297169.42
20260501,2026-05-01,D08,CC802,A400,158290.36
20260501,2026-05-01,D08,CC802,A500,74191.53
20260501,2026-05-01,D08,CC802,A700,6642682.28
20260501,2026-05-01,D08,CC802,A800,114946.53
20260601,2026-06-01,D01,CC101,A200,435754.49
20260601,2026-06-01,D01,CC101,A210,113527.32
20260601,2026-06-01,D01,CC101,A310,110160.57
20260601,2026-06-01,D01,CC101,A400,78231.64
20260601,2026-06-01,D01,CC101,A500,37095.02
20260601,2026-06-01,D01,CC101,A800,59456.57
20260601,2026-06-01,D01,CC102,A100,2597718.75
20260601,2026-06-01,D01,CC102,A110,401465.62
20260601,2026-06-01,D01,CC102,A200,442775.82
20260601,2026-06-01,D01,CC102,A210,111174.4
20260601,2026-06-01,D01,CC102,A310,111237.68
20260601,2026-06-01,D01,CC102,A400,80938.61
20260601,2026-06-01,D01,CC102,A500,37785.98
20260601,2026-06-01,D01,CC102,A800,57651.65
20260601,2026-06-01,D02,CC201,A200,1192729.86
20260601,2026-06-01,D02,CC201,A210,309815.74
20260601,2026-06-01,D02,CC201,A310,300195.86
20260601,2026-06-01,D02,CC201,A400,222685.63
20260601,2026-06-01,D02,CC201,A500,101953.05
20260601,2026-06-01,D02,CC201,A700,8879964.37
20260601,2026-06-01,D02,CC201,A800,158970.75
20260601,2026-06-01,D02,CC202,A200,1206124.11
20260601,2026-06-01,D02,CC202,A210,308488.8
20260601,2026-06-01,D02,CC202,A300,412796.79
20260601,2026-06-01,D02,CC202,A400,219725.78
20260601,2026-06-01,D02,CC202,A500,103114.88
20260601,2026-06-01,D02,CC202,A700,8874036.75
20260601,2026-06-01,D02,CC202,A800,159341.59
20260601,2026-06-01,D03,CC301,A200,704338.74
20260601,2026-06-01,D03,CC301,A210,181390.12
20260601,2026-06-01,D03,CC301,A300,248210.16
20260601,2026-06-01,D03,CC301,A310,176975.19
20260601,2026-06-01,D03,CC301,A400,131869.92
20260601,2026-06-01,D03,CC301,A500,60434.85
20260601,2026-06-01,D03,CC301,A800,95939.91
20260601,2026-06-01,D04,CC401,A200,539908.77
20260601,2026-06-01,D04,CC401,A210,140896.08
20260601,2026-06-01,D04,CC401,A300,189716.31
20260601,2026-06-01,D04,CC401,A310,136399.14
20260601,2026-06-01,D04,CC401,A400,97844.75
20260601,2026-06-01,D04,CC401,A500,46796.46
20260601,2026-06-01,D04,CC401,A800,74905.7
20260601,2026-06-01,D05,CC501,A200,777150.59
20260601,2026-06-01,D05,CC501,A210,198291.45
20260601,2026-06-01,D05,CC501,A300,261816.02
20260601,2026-06-01,D05,CC501,A310,192822.33
20260601,2026-06-01,D05,CC501,A400,140217.2
20260601,2026-06-01,D05,CC501,A500,66190.48
20260601,2026-06-01,D05,CC501,A800,102944.12
20260601,2026-06-01,D05,CC502,A200,750111.13
20260601,2026-06-01,D05,CC502,A210,197542.94
20260601,2026-06-01,D05,CC502,A300,264665.62
20260601,2026-06-01,D05,CC502,A310,189428.58
20260601,2026-06-01,D05,CC502,A400,141423.95
20260601,2026-06-01,D05,CC502,A500,66422.98
20260601,2026-06-01,D05,CC502,A800,101387.21
20260601,2026-06-01,D06,CC601,A200,385450.81
20260601,2026-06-01,D06,CC601,A210,100922.73
20260601,2026-06-01,D06,CC601,A300,131987.69
20260601,2026-06-01,D06,CC601,A310,94373.32
20260601,2026-06-01,D06,CC601,A400,70332.55
20260601,2026-06-01,D06,CC601,A500,33350.67
20260601,2026-06-01,D06,CC601,A800,51325.49
20260601,2026-06-01,D07,CC701,A100,5772708.33
20260601,2026-06-01,D07,CC701,A110,892145.83
20260601,2026-06-01,D07,CC701,A200,597448.2
20260601,2026-06-01,D07,CC701,A210,158433.33
20260601,2026-06-01,D07,CC701,A310,148162.46
20260601,2026-06-01,D07,CC701,A400,108845.77
20260601,2026-06-01,D07,CC701,A500,52217.17
20260601,2026-06-01,D07,CC701,A600,273796.53
20260601,2026-06-01,D07,CC701,A800,80684.22
20260601,2026-06-01,D08,CC801,A200,855989.13
20260601,2026-06-01,D08,CC801,A210,227515.84
20260601,2026-06-01,D08,CC801,A310,216084.03
20260601,2026-06-01,D08,CC801,A400,159903.91
20260601,2026-06-01,D08,CC801,A500,74506.75
20260601,2026-06-01,D08,CC801,A700,6642094.78
20260601,2026-06-01,D08,CC801,A800,116605.58
20260601,2026-06-01,D08,CC802,A200,870352.63
20260601,2026-06-01,D08,CC802,A210,227717.41
20260601,2026-06-01,D08,CC802,A300,298379.61
20260601,2026-06-01,D08,CC802,A310,214760.3
20260601,2026-06-01,D08,CC802,A400,158764.12
20260601,2026-06-01,D08,CC802,A500,75722.56
20260601,2026-06-01,D08,CC802,A700,6600385.62
20260601,2026-06-01,D08,CC802,A800,117669.22
20260701,2026-07-01,D01,CC101,A200,430997.48
20260701,2026-07-01,D01,CC101,A210,115885.15
20260701,2026-07-01,D01,CC101,A300,154508.01
20260701,2026-07-01,D01,CC101,A400,80071.24
20260701,2026-07-01,D01,CC101,A500,37328.79
20260701,2026-07-01,D01,CC101,A800,59250.87
20260701,2026-07-01,D01,CC102,A100,2552838.75
20260701,2026-07-01,D01,CC102,A110,394529.62
20260701,2026-07-01,D01,CC102,A200,429503.3
20260701,2026-07-01,D01,CC102,A210,115252.6
20260701,2026-07-01,D01,CC102,A300,150552.38
20260701,2026-07-01,D01,CC102,A400,79033.92
20260701,2026-07-01,D01,CC102,A500,37598.66
20260701,2026-07-01,D01,CC102,A800,57775.66
20260701,2026-07-01,D02,CC201,A200,1214867.48
20260701,2026-07-01,D02,CC201,A210,308536.66
20260701,2026-07-01,D02,CC201,A300,423728.1
20260701,2026-07-01,D02,CC201,A310,302546.57
20260701,2026-07-01,D02,CC201,A400,218521.65
20260701,2026-07-01,D02,CC201,A500,105208.57
20260701,2026-07-01,D02,CC201,A700,9111711.1
20260701,2026-07-01,D02,CC201,A800,160193.55
20260701,2026-07-01,D02,CC202,A200,1222748.43
20260701,2026-07-01,D02,CC202,A210,309847.44
20260701,2026-07-01,D02,CC202,A300,422498.45
20260701,2026-07-01,D02,CC202,A310,305404.93
20260701,2026-07-01,D02,CC202,A400,218340.3
20260701,2026-07-01,D02,CC202,A500,104185.22
20260701,2026-07-01,D02,CC202,A700,9193260.62
20260701,2026-07-01,D02,CC202,A800,159570.94
20260701,2026-07-01,D03,CC301,A200,723253.89
20260701,2026-07-01,D03,CC301,A210,184585.66
20260701,2026-07-01,D03,CC301,A300,248574.87
20260701,2026-07-01,D03,CC301,A400,131916.86
20260701,2026-07-01,D03,CC301,A500,62006.48
20260701,2026-07-01,D03,CC301,A800,95621.84
20260701,2026-07-01,D04,CC401,A200,536443.97
20260701,2026-07-01,D04,CC401,A210,142623.38
20260701,2026-07-01,D04,CC401,A310,137695.12
20260701,2026-07-01,D04,CC401,A400,99236.17
20260701,2026-07-01,D04,CC401,A500,46780.03
20260701,2026-07-01,D04,CC401,A800,73501.47
20260701,2026-07-01,D05,CC501,A200,759282.24
20260701,2026-07-01,D05,CC501,A210,199034.38
20260701,2026-07-01,D05,CC501,A300,263304.27
20260701,2026-07-01,D05,CC501,A310,189894.35
20260701,2026-07-01,D05,CC501,A400,140616.69
20260701,2026-07-01,D05,CC501,A500,65326.35
20260701,2026-07-01,D05,CC501,A800,101519.13
20260701,2026-07-01,D05,CC502,A200,756381.21
20260701,2026-07-01,D05,CC502,A210,201597.41
20260701,2026-07-01,D05,CC502,A300,263240.15
20260701,2026-07-01,D05,CC502,A310,192864.24
20260701,2026-07-01,D05,CC502,A400,141414.48
20260701,2026-07-01,D05,CC502,A500,67137.27
20260701,2026-07-01,D05,CC502,A800,102961.75
20260701,2026-07-01,D06,CC601,A200,382579.72
20260701,2026-07-01,D06,CC601,A210,100897.85
20260701,2026-07-01,D06,CC601,A300,133673.88
20260701,2026-07-01,D06,CC601,A310,95598.52
20260701,2026-07-01,D06,CC601,A400,69575.34
20260701,2026-07-01,D06,CC601,A500,33509.08
20260701,2026-07-01,D06,CC601,A800,50753.39
20260701,2026-07-01,D07,CC701,A100,5672975.0
20260701,2026-07-01,D07,CC701,A110,876732.5
20260701,2026-07-01,D07,CC701,A200,599641.54
20260701,2026-07-01,D07,CC701,A210,156596.02
20260701,2026-07-01,D07,CC701,A310,151055.17
20260701,2026-07-01,D07,CC701,A400,111250.33
20260701,2026-07-01,D07,CC701,A500,52437.63
20260701,2026-07-01,D07,CC701,A600,278684.56
20260701,2026-07-01,D07,CC701,A800,80922.26
20260701,2026-07-01,D08,CC801,A200,864337.28
20260701,2026-07-01,D08,CC801,A210,223782.08
20260701,2026-07-01,D08,CC801,A300,303050.83
20260701,2026-07-01,D08,CC801,A310,222311.17
20260701,2026-07-01,D08,CC801,A400,156781.58
20260701,2026-07-01,D08,CC801,A500,75874.74
20260701,2026-07-01,D08,CC801,A700,6487650.4
20260701,2026-07-01,D08,CC801,A800,118211.37
20260701,2026-07-01,D08,CC802,A200,891208.72
20260701,2026-07-01,D08,CC802,A210,225923.8
20260701,2026-07-01,D08,CC802,A300,301958.41
20260701,2026-07-01,D08,CC802,A310,219348.08
20260701,2026-07-01,D08,CC802,A400,162032.56
20260701,2026-07-01,D08,CC802,A500,76888.45
20260701,2026-07-01,D08,CC802,A700,6539823.87
20260701,2026-07-01,D08,CC802,A800,117321.56
20260801,2026-08-01,D01,CC101,A200,438612.02
20260801,2026-08-01,D01,CC101,A210,115920.38
20260801,2026-08-01,D01,CC101,A300,153013.87
20260801,2026-08-01,D01,CC101,A400,80921.83
20260801,2026-08-01,D01,CC101,A500,38740.03
20260801,2026-08-01,D01,CC101,A800,58904.4
20260801,2026-08-01,D01,CC102,A100,2521668.5
20260801,2026-08-01,D01,CC102,A110,389712.41
20260801,2026-08-01,D01,CC102,A200,439967.44
20260801,2026-08-01,D01,CC102,A210,112552.4
20260801,2026-08-01,D01,CC102,A300,150379.65
20260801,2026-08-01,D01,CC102,A310,109179.26
20260801,2026-08-01,D01,CC102,A400,80869.03
20260801,2026-08-01,D01,CC102,A500,38284.52
20260801,2026-08-01,D01,CC102,A800,60246.58
20260801,2026-08-01,D02,CC201,A200,1205703.24
20260801,2026-08-01,D02,CC201,A210,308298.55
20260801,2026-08-01,D02,CC201,A300,410891.46
20260801,2026-08-01,D02,CC201,A400,216636.08
20260801,2026-08-01,D02,CC201,A500,104356.14
20260801,2026-08-01,D02,CC201,A700,9140167.07
20260801,2026-08-01,D02,CC201,A800,164473.03
20260801,2026-08-01,D02,CC202,A200,1227819.27
20260801,2026-08-01,D02,CC202,A210,314257.52
20260801,2026-08-01,D02,CC202,A400,224908.71
20260801,2026-08-01,D02,CC202,A500,103595.26
20260801,2026-08-01,D02,CC202,A700,9182775.15
20260801,2026-08-01,D02,CC202,A800,161110.18
20260801,2026-08-01,D03,CC301,A200,702375.88
20260801,2026-08-01,D03,CC301,A210,182640.88
20260801,2026-08-01,D03,CC301,A310,178257.82
20260801,2026-08-01,D03,CC301,A400,129524.61
20260801,2026-08-01,D03,CC301,A500,62813.57
20260801,2026-08-01,D03,CC301,A800,97939.13
20260801,2026-08-01,D04,CC401,A200,547503.57
20260801,2026-08-01,D04,CC401,A210,143816.93
20260801,2026-08-01,D04,CC401,A300,187056.94
20260801,2026-08-01,D04,CC401,A400,101251.79
20260801,2026-08-01,D04,CC401,A500,47265.4
20260801,2026-08-01,D04,CC401,A800,72830.53
20260801,2026-08-01,D05,CC501,A200,781473.48
20260801,2026-08-01,D05,CC501,A210,203158.13
20260801,2026-08-01,D05,CC501,A300,270408.87
20260801,2026-08-01,D05,CC501,A310,191561.71
20260801,2026-08-01,D05,CC501,A400,139443.79
20260801,2026-08-01,D05,CC501,A500,66901.75
20260801,2026-08-01,D05,CC501,A800,104461.38
20260801,2026-08-01,D05,CC502,A200,758967.26
20260801,2026-08-01,D05,CC502,A210,196919.82
20260801,2026-08-01,D05,CC502,A300,269493.71
20260801,2026-08-01,D05,CC502,A310,189042.48
20260801,2026-08-01,D05,CC502,A400,139153.67
20260801,2026-08-01,D05,CC502,A500,65405.96
20260801,2026-08-01,D05,CC502,A800,104818.71
20260801,2026-08-01,D06,CC601,A200,387369.13
20260801,2026-08-01,D06,CC601,A210,98260.4
20260801,2026-08-01,D06,CC601,A300,135467.49
20260801,2026-08-01,D06,CC601,A400,70092.44
20260801,2026-08-01,D06,CC601,A500,33807.74
20260801,2026-08-01,D06,CC601,A800,52549.88
20260801,2026-08-01,D07,CC701,A100,5603707.78
20260801,2026-08-01,D07,CC701,A110,866027.57
20260801,2026-08-01,D07,CC701,A200,599657.29
20260801,2026-08-01,D07,CC701,A210,155254.02
20260801,2026-08-01,D07,CC701,A300,209894.5
20260801,2026-08-01,D07,CC701,A400,111476.48
20260801,2026-08-01,D07,CC701,A500,53105.36
20260801,2026-08-01,D07,CC701,A600,273870.1
20260801,2026-08-01,D07,CC701,A800,81091.16
20260801,2026-08-01,D08,CC801,A200,883035.84
20260801,2026-08-01,D08,CC801,A210,225840.18
20260801,2026-08-01,D08,CC801,A300,304147.03
20260801,2026-08-01,D08,CC801,A310,222547.79
20260801,2026-08-01,D08,CC801,A400,160680.84
20260801,2026-08-01,D08,CC801,A500,76956.52
20260801,2026-08-01,D08,CC801,A700,6700404.03
20260801,2026-08-01,D08,CC801,A800,117736.75
20260801,2026-08-01,D08,CC802,A200,863729.14
20260801,2026-08-01,D08,CC802,A210,224144.27
20260801,2026-08-01,D08,CC802,A300,300028.2
20260801,2026-08-01,D08,CC802,A400,161680.3
20260801,2026-08-01,D08,CC802,A500,75562.21
20260801,2026-08-01,D08,CC802,A700,6647791.92
20260801,2026-08-01,D08,CC802,A800,119245.65
20260901,2026-09-01,D01,CC101,A200,432570.68
20260901,2026-09-01,D01,CC101,A210,114455.17
20260901,2026-09-01,D01,CC101,A300,149577.81
20260901,2026-09-01,D01,CC101,A400,79204.91
20260901,2026-09-01,D01,CC101,A500,38036.56
20260901,2026-09-01,D01,CC101,A800,58434.45
20260901,2026-09-01,D01,CC102,A100,2514600.0
20260901,2026-09-01,D01,CC102,A110,388620.0
20260901,2026-09-01,D01,CC102,A200,447628.26
20260901,2026-09-01,D01,CC102,A210,112610.82
20260901,2026-09-01,D01,CC102,A310,109873.76
20260901,2026-09-01,D01,CC102,A400,81455.8
20260901,2026-09-01,D01,CC102,A500,38555.94
20260901,2026-09-01,D01,CC102,A800,59091.74
20260901,2026-09-01,D02,CC201,A200,1219373.02
20260901,2026-09-01,D02,CC201,A210,315280.13
20260901,2026-09-01,D02,CC201,A300,423529.52
20260901,2026-09-01,D02,CC201,A400,218017.45
20260901,2026-09-01,D02,CC201,A500,104998.83
20260901,2026-09-01,D02,CC201,A700,8913672.65
20260901,2026-09-01,D02,CC201,A800,163716.38
20260901,2026-09-01,D02,CC202,A200,1210102.18
20260901,2026-09-01,D02,CC202,A210,309159.27
20260901,2026-09-01,D02,CC202,A300,424253.45
20260901,2026-09-01,D02,CC202,A400,222428.8
20260901,2026-09-01,D02,CC202,A500,106611.03
20260901,2026-09-01,D02,CC202,A700,8964269.77
20260901,2026-09-01,D02,CC202,A800,163812.54
20260901,2026-09-01,D03,CC301,A200,701255.45
20260901,2026-09-01,D03,CC301,A210,185961.86
20260901,2026-09-01,D03,CC301,A300,248043.49
20260901,2026-09-01,D03,CC301,A310,177258.81
20260901,2026-09-01,D03,CC301,A400,131672.65
20260901,2026-09-01,D03,CC301,A500,61110.92
20260901,2026-09-01,D03,CC301,A800,96866.39
20260901,2026-09-01,D04,CC401,A200,546685.61
20260901,2026-09-01,D04,CC401,A210,140265.06
20260901,2026-09-01,D04,CC401,A310,137501.12
20260901,2026-09-01,D04,CC401,A400,101432.08
20260901,2026-09-01,D04,CC401,A500,47051.12
20260901,2026-09-01,D04,CC401,A800,74910.03
20260901,2026-09-01,D05,CC501,A200,777793.74
20260901,2026-09-01,D05,CC501,A210,197790.02
20260901,2026-09-01,D05,CC501,A300,270865.73
20260901,2026-09-01,D05,CC501,A310,192269.89
20260901,2026-09-01,D05,CC501,A400,141996.0
20260901,2026-09-01,D05,CC501,A500,65880.8
20260901,2026-09-01,D05,CC501,A800,101889.81
20260901,2026-09-01,D05,CC502,A200,769190.12
20260901,2026-09-01,D05,CC502,A210,203116.66
20260901,2026-09-01,D05,CC502,A300,268172.18
20260901,2026-09-01,D05,CC502,A310,196238.91
20260901,2026-09-01,D05,CC502,A400,142768.21
20260901,2026-09-01,D05,CC502,A500,66919.25
20260901,2026-09-01,D05,CC502,A800,104670.93
20260901,2026-09-01,D06,CC601,A200,382572.08
20260901,2026-09-01,D06,CC601,A210,100379.63
20260901,2026-09-01,D06,CC601,A310,94536.49
20260901,2026-09-01,D06,CC601,A400,69066.23
20260901,2026-09-01,D06,CC601,A500,33734.91
20260901,2026-09-01,D06,CC601,A800,51320.07
20260901,2026-09-01,D07,CC701,A100,5588000.0
20260901,2026-09-01,D07,CC701,A110,863600.0
20260901,2026-09-01,D07,CC701,A200,608941.72
20260901,2026-09-01,D07,CC701,A210,155935.61
20260901,2026-09-01,D07,CC701,A300,205563.63
20260901,2026-09-01,D07,CC701,A310,150768.75
20260901,2026-09-01,D07,CC701,A400,110437.88
20260901,2026-09-01,D07,CC701,A500,51487.9
20260901,2026-09-01,D07,CC701,A600,274177.61
20260901,2026-09-01,D07,CC701,A800,82945.79
20260901,2026-09-01,D08,CC801,A200,890666.22
20260901,2026-09-01,D08,CC801,A210,230755.8
20260901,2026-09-01,D08,CC801,A300,309530.23
20260901,2026-09-01,D08,CC801,A310,218949.64
20260901,2026-09-01,D08,CC801,A400,158080.49
20260901,2026-09-01,D08,CC801,A500,77666.85
20260901,2026-09-01,D08,CC801,A700,6598318.83
20260901,2026-09-01,D08,CC801,A800,120710.1
20260901,2026-09-01,D08,CC802,A200,870862.87
20260901,2026-09-01,D08,CC802,A210,230247.99
20260901,2026-09-01,D08,CC802,A310,220368.28
20260901,2026-09-01,D08,CC802,A400,162014.02
20260901,2026-09-01,D08,CC802,A500,76568.66
20260901,2026-09-01,D08,CC802,A700,6685571.52
20260901,2026-09-01,D08,CC802,A800,120391.48
20261001,2026-10-01,D01,CC101,A200,448507.41
20261001,2026-10-01,D01,CC101,A210,112824.09
20261001,2026-10-01,D01,CC101,A300,155112.26
20261001,2026-10-01,D01,CC101,A400,82169.94
20261001,2026-10-01,D01,CC101,A500,37970.73
20261001,2026-10-01,D01,CC101,A800,58934.39
20261001,2026-10-01,D01,CC102,A100,2535605.87
20261001,2026-10-01,D01,CC102,A110,391866.36
20261001,2026-10-01,D01,CC102,A200,438703.84
20261001,2026-10-01,D01,CC102,A210,115043.01
20261001,2026-10-01,D01,CC102,A300,151622.39
20261001,2026-10-01,D01,CC102,A400,79880.74
20261001,2026-10-01,D01,CC102,A500,38617.23
20261001,2026-10-01,D01,CC102,A800,59325.23
20261001,2026-10-01,D02,CC201,A200,1224356.19
20261001,2026-10-01,D02,CC201,A210,319469.43
20261001,2026-10-01,D02,CC201,A400,217730.32
20261001,2026-10-01,D02,CC201,A500,104056.85
20261001,2026-10-01,D02,CC201,A700,8936048.99
20261001,2026-10-01,D02,CC201,A800,162601.71
20261001,2026-10-01,D02,CC202,A200,1204433.19
20261001,2026-10-01,D02,CC202,A210,315183.9
20261001,2026-10-01,D02,CC202,A400,223917.19
20261001,2026-10-01,D02,CC202,A500,105927.17
20261001,2026-10-01,D02,CC202,A700,9267242.59
20261001,2026-10-01,D02,CC202,A800,161125.38
20261001,2026-10-01,D03,CC301,A200,715743.65
20261001,2026-10-01,D03,CC301,A210,189230.66
20261001,2026-10-01,D03,CC301,A310,181796.72
20261001,2026-10-01,D03,CC301,A400,128731.61
20261001,2026-10-01,D03,CC301,A500,61393.12
20261001,2026-10-01,D03,CC301,A800,94729.38
20261001,2026-10-01,D04,CC401,A200,555636.97
20261001,2026-10-01,D04,CC401,A210,141517.72
20261001,2026-10-01,D04,CC401,A300,194145.94
20261001,2026-10-01,D04,CC401,A310,137243.05
20261001,2026-10-01,D04,CC401,A400,100219.3
20261001,2026-10-01,D04,CC401,A500,46968.46
20261001,2026-10-01,D04,CC401,A800,75751.25
20261001,2026-10-01,D05,CC501,A200,782036.39
20261001,2026-10-01,D05,CC501,A210,203756.82
20261001,2026-10-01,D05,CC501,A300,263007.11
20261001,2026-10-01,D05,CC501,A310,195986.97
20261001,2026-10-01,D05,CC501,A400,143743.88
20261001,2026-10-01,D05,CC501,A500,66616.62
20261001,2026-10-01,D05,CC501,A800,104234.69
20261001,2026-10-01,D05,CC502,A200,761369.74
20261001,2026-10-01,D05,CC502,A210,201008.43
20261001,2026-10-01,D05,CC502,A300,271014.19
20261001,2026-10-01,D05,CC502,A310,192865.13
20261001,2026-10-01,D05,CC502,A400,139806.36
20261001,2026-10-01,D05,CC502,A500,66785.32
20261001,2026-10-01,D05,CC502,A800,103657.86
20261001,2026-10-01,D06,CC601,A200,382350.93
20261001,2026-10-01,D06,CC601,A210,102271.15
20261001,2026-10-01,D06,CC601,A300,134068.24
20261001,2026-10-01,D06,CC601,A310,97324.11
20261001,2026-10-01,D06,CC601,A400,70785.59
20261001,2026-10-01,D06,CC601,A500,32839.03
20261001,2026-10-01,D06,CC601,A800,51243.07
20261001,2026-10-01,D07,CC701,A100,5634679.72
20261001,2026-10-01,D07,CC701,A110,870814.14
20261001,2026-10-01,D07,CC701,A200,607754.03
20261001,2026-10-01,D07,CC701,A210,159275.23
20261001,2026-10-01,D07,CC701,A300,210494.91
20261001,2026-10-01,D07,CC701,A310,150551.19
20261001,2026-10-01,D07,CC701,A400,109107.73
20261001,2026-10-01,D07,CC701,A500,51508.34
20261001,2026-10-01,D07,CC701,A600,280000.77
20261001,2026-10-01,D07,CC701,A800,80416.69
20261001,2026-10-01,D08,CC801,A200,871955.38
20261001,2026-10-01,D08,CC801,A210,232268.82
20261001,2026-10-01,D08,CC801,A300,308773.5
20261001,2026-10-01,D08,CC801,A400,163367.31
20261001,2026-10-01,D08,CC801,A500,75834.09
20261001,2026-10-01,D08,CC801,A700,6725433.84
20261001,2026-10-01,D08,CC801,A800,118109.02
20261001,2026-10-01,D08,CC802,A200,894070.25
20261001,2026-10-01,D08,CC802,A210,225950.72
20261001,2026-10-01,D08,CC802,A400,162541.23
20261001,2026-10-01,D08,CC802,A500,77249.57
20261001,2026-10-01,D08,CC802,A700,6518315.53
20261001,2026-10-01,D08,CC802,A800,116764.57
20261101,2026-11-01,D01,CC101,A200,435012.56
20261101,2026-11-01,D01,CC101,A210,116228.12
20261101,2026-11-01,D01,CC101,A300,151307.84
20261101,2026-11-01,D01,CC101,A310,112629.35
20261101,2026-11-01,D01,CC101,A400,79778.55
20261101,2026-11-01,D01,CC101,A500,37914.37
20261101,2026-11-01,D01,CC101,A800,59779.58
20261101,2026-11-01,D01,CC102,A100,2581136.25
20261101,2026-11-01,D01,CC102,A110,398902.88
20261101,2026-11-01,D01,CC102,A200,451079.36
20261101,2026-11-01,D01,CC102,A210,114949.29
20261101,2026-11-01,D01,CC102,A300,152870.18
20261101,2026-11-01,D01,CC102,A310,110140.4
20261101,2026-11-01,D01,CC102,A400,79624.2
20261101,2026-11-01,D01,CC102,A500,37712.85
20261101,2026-11-01,D01,CC102,A800,60081.36
20261101,2026-11-01,D02,CC201,A200,1209036.53
20261101,2026-11-01,D02,CC201,A210,317326.65
20261101,2026-11-01,D02,CC201,A300,422318.83
20261101,2026-11-01,D02,CC201,A400,218581.89
20261101,2026-11-01,D02,CC201,A500,106107.38
20261101,2026-11-01,D02,CC201,A700,9127499.8
20261101,2026-11-01,D02,CC201,A800,164920.99
20261101,2026-11-01,D02,CC202,A200,1212567.44
20261101,2026-11-01,D02,CC202,A210,321434.15
20261101,2026-11-01,D02,CC202,A300,418689.91
20261101,2026-11-01,D02,CC202,A400,225418.8
20261101,2026-11-01,D02,CC202,A500,106252.18
20261101,2026-11-01,D02,CC202,A700,9236279.11
20261101,2026-11-01,D02,CC202,A800,163723.2
20261101,2026-11-01,D03,CC301,A200,718931.6
20261101,2026-11-01,D03,CC301,A210,183833.11
20261101,2026-11-01,D03,CC301,A300,245375.48
20261101,2026-11-01,D03,CC301,A400,132360.89
20261101,2026-11-01,D03,CC301,A500,62700.0
20261101,2026-11-01,D03,CC301,A800,95275.54
20261101,2026-11-01,D04,CC401,A200,559289.29
20261101,2026-11-01,D04,CC401,A210,144593.97
20261101,2026-11-01,D04,CC401,A310,138599.65
20261101,2026-11-01,D04,CC401,A400,100814.41
20261101,2026-11-01,D04,CC401,A500,47532.29
20261101,2026-11-01,D04,CC401,A800,73099.74
20261101,2026-11-01,D05,CC501,A200,768609.97
20261101,2026-11-01,D05,CC501,A210,198186.92
20261101,2026-11-01,D05,CC501,A300,263979.92
20261101,2026-11-01,D05,CC501,A310,195114.45
20261101,2026-11-01,D05,CC501,A400,143540.28
20261101,2026-11-01,D05,CC501,A500,67028.26
20261101,2026-11-01,D05,CC501,A800,103674.13
20261101,2026-11-01,D05,CC502,A200,760091.3
20261101,2026-11-01,D05,CC502,A210,199911.7
20261101,2026-11-01,D05,CC502,A300,272367.86
20261101,2026-11-01,D05,CC502,A310,192478.64
20261101,2026-11-01,D05,CC502,A400,142447.01
20261101,2026-11-01,D05,CC502,A500,67290.64
20261101,2026-11-01,D05,CC502,A800,103474.52
20261101,2026-11-01,D06,CC601,A200,384662.47
20261101,2026-11-01,D06,CC601,A210,100837.48
20261101,2026-11-01,D06,CC601,A300,134556.92
20261101,2026-11-01,D06,CC601,A310,97120.15
20261101,2026-11-01,D06,CC601,A400,71262.77
20261101,2026-11-01,D06,CC601,A500,33876.45
20261101,2026-11-01,D06,CC601,A800,51859.11
20261101,2026-11-01,D07,CC701,A100,5735858.33
20261101,2026-11-01,D07,CC701,A110,886450.83
20261101,2026-11-01,D07,CC701,A200,603525.84
20261101,2026-11-01,D07,CC701,A210,157409.45
20261101,2026-11-01,D07,CC701,A310,149708.96
20261101,2026-11-01,D07,CC701,A400,112545.16
20261101,2026-11-01,D07,CC701,A500,53299.2
20261101,2026-11-01,D07,CC701,A600,284357.65
20261101,2026-11-01,D07,CC701,A800,80957.8
20261101,2026-11-01,D08,CC801,A200,883730.24
20261101,2026-11-01,D08,CC801,A210,225433.85
20261101,2026-11-01,D08,CC801,A300,302961.03
20261101,2026-11-01,D08,CC801,A310,225217.25
20261101,2026-11-01,D08,CC801,A400,163494.57
20261101,2026-11-01,D08,CC801,A500,77008.49
20261101,2026-11-01,D08,CC801,A700,6546835.09
20261101,2026-11-01,D08,CC801,A800,118234.49
20261101,2026-11-01,D08,CC802,A200,897081.36
20261101,2026-11-01,D08,CC802,A210,229054.92
20261101,2026-11-01,D08,CC802,A310,220513.22
20261101,2026-11-01,D08,CC802,A400,160107.24
20261101,2026-11-01,D08,CC802,A500,76803.35
20261101,2026-11-01,D08,CC802,A700,6517420.78
20261101,2026-11-01,D08,CC802,A800,118034.83
20261201,2026-12-01,D01,CC101,A200,438153.37
20261201,2026-12-01,D01,CC101,A210,115179.73
20261201,2026-12-01,D01,CC101,A310,112606.57
20261201,2026-12-01,D01,CC101,A400,80655.32
20261201,2026-12-01,D01,CC101,A500,39095.96
20261201,2026-12-01,D01,CC101,A800,58829.08
20261201,2026-12-01,D01,CC102,A100,2641031.25
20261201,2026-12-01,D01,CC102,A110,408159.38
20261201,2026-12-01,D01,CC102,A200,439499.7
20261201,2026-12-01,D01,CC102,A210,113503.77
20261201,2026-12-01,D01,CC102,A300,152983.59
20261201,2026-12-01,D01,CC102,A310,109397.59
20261201,2026-12-01,D01,CC102,A400,80902.0
20261201,2026-12-01,D01,CC102,A500,38400.18
20261201,2026-12-01,D01,CC102,A800,59318.03
20261201,2026-12-01,D02,CC201,A200,1243366.9
20261201,2026-12-01,D02,CC201,A210,315186.98
20261201,2026-12-01,D02,CC201,A310,306477.56
20261201,2026-12-01,D02,CC201,A400,226953.14
20261201,2026-12-01,D02,CC201,A500,104541.21
20261201,2026-12-01,D02,CC201,A700,9323482.24
20261201,2026-12-01,D02,CC201,A800,161846.5
20261201,2026-12-01,D02,CC202,A200,1215297.4
20261201,2026-12-01,D02,CC202,A210,322983.24
20261201,2026-12-01,D02,CC202,A300,418093.59
20261201,2026-12-01,D02,CC202,A310,306789.31
20261201,2026-12-01,D02,CC202,A400,222184.44
20261201,2026-12-01,D02,CC202,A500,107006.97
20261201,2026-12-01,D02,CC202,A700,9123699.43
20261201,2026-12-01,D02,CC202,A800,166807.37
20261201,2026-12-01,D03,CC301,A200,727075.33
20261201,2026-12-01,D03,CC301,A210,188038.07
20261201,2026-12-01,D03,CC301,A300,244976.73
20261201,2026-12-01,D03,CC301,A310,182436.35
20261201,2026-12-01,D03,CC301,A400,132461.09
20261201,2026-12-01,D03,CC301,A500,61569.97
20261201,2026-12-01,D03,CC301,A800,98388.78
20261201,2026-12-01,D04,CC401,A200,559006.19
20261201,2026-12-01,D04,CC401,A210,143931.59
20261201,2026-12-01,D04,CC401,A300,194585.56
20261201,2026-12-01,D04,CC401,A310,136955.69
20261201,2026-12-01,D04,CC401,A400,102931.39
20261201,2026-12-01,D04,CC401,A500,48831.44
20261201,2026-12-01,D04,CC401,A800,75911.42
20261201,2026-12-01,D05,CC501,A200,783090.55
20261201,2026-12-01,D05,CC501,A210,201105.2
20261201,2026-12-01,D05,CC501,A300,267484.32
20261201,2026-12-01,D05,CC501,A310,195907.2
20261201,2026-12-01,D05,CC501,A400,141659.29
20261201,2026-12-01,D05,CC501,A500,67800.53
20261201,2026-12-01,D05,CC501,A800,105754.27
20261201,2026-12-01,D05,CC502,A200,765345.68
20261201,2026-12-01,D05,CC502,A210,205673.66
20261201,2026-12-01,D05,CC502,A300,268026.55
20261201,2026-12-01,D05,CC502,A310,192579.31
20261201,2026-12-01,D05,CC502,A400,144234.44
20261201,2026-12-01,D05,CC502,A500,67113.75
20261201,2026-12-01,D05,CC502,A800,103834.81
20261201,2026-12-01,D06,CC601,A200,391732.88
20261201,2026-12-01,D06,CC601,A210,99856.09
20261201,2026-12-01,D06,CC601,A400,72119.77
20261201,2026-12-01,D06,CC601,A500,34241.3
20261201,2026-12-01,D06,CC601,A800,51336.53
20261201,2026-12-01,D07,CC701,A100,5868958.33
20261201,2026-12-01,D07,CC701,A110,907020.83
20261201,2026-12-01,D07,CC701,A200,611825.83
20261201,2026-12-01,D07,CC701,A210,158485.62
20261201,2026-12-01,D07,CC701,A400,111645.91
20261201,2026-12-01,D07,CC701,A500,51857.52
20261201,2026-12-01,D07,CC701,A600,285482.71
20261201,2026-12-01,D07,CC701,A800,81451.98
20261201,2026-12-01,D08,CC801,A200,897102.13
20261201,2026-12-01,D08,CC801,A210,234110.28
20261201,2026-12-01,D08,CC801,A300,303033.07
20261201,2026-12-01,D08,CC801,A310,217986.78
20261201,2026-12-01,D08,CC801,A400,159185.4
20261201,2026-12-01,D08,CC801,A500,76634.64
20261201,2026-12-01,D08,CC801,A700,6536292.63
20261201,2026-12-01,D08,CC801,A800,119442.58
20261201,2026-12-01,D08,CC802,A200,900842.15
20261201,2026-12-01,D08,CC802,A210,233884.41
20261201,2026-12-01,D08,CC802,A300,304526.97
20261201,2026-12-01,D08,CC802,A310,226140.5
20261201,2026-12-01,D08,CC802,A400,161654.4
20261201,2026-12-01,D08,CC802,A500,77373.68
20261201,2026-12-01,D08,CC802,A700,6706891.46
20261201,2026-12-01,D08,CC802,A800,119945.2
