DateKey,MonthStart,DepartmentID,CostCenterID,AccountID,ActualAmount
20250101,2025-01-01,D01,CC101,A200,438202.26
20250101,2025-01-01,D01,CC101,A210,105986.65
20250101,2025-01-01,D01,CC101,A300,139777.22
20250101,2025-01-01,D01,CC101,A400,79011.18
20250101,2025-01-01,D01,CC101,A500,34743.05
20250101,2025-01-01,D01,CC101,A800,56340.42
20250101,2025-01-01,D01,CC102,A100,2584911.11
20250101,2025-01-01,D01,CC102,A110,384667.43
20250101,2025-01-01,D01,CC102,A200,417803.23
20250101,2025-01-01,D01,CC102,A210,111245.51
20250101,2025-01-01,D01,CC102,A300,122478.92
20250101,2025-01-01,D01,CC102,A310,108370.14
20250101,2025-01-01,D01,CC102,A400,70712.11
20250101,2025-01-01,D01,CC102,A500,35588.64
20250101,2025-01-01,D01,CC102,A800,55223.25
20250101,2025-01-01,D02,CC201,A200,1091186.0
20250101,2025-01-01,D02,CC201,A210,298974.26
20250101,2025-01-01,D02,CC201,A300,387010.67
20250101,2025-01-01,D02,CC201,A310,245006.93
20250101,2025-01-01,D02,CC201,A400,192226.57
20250101,2025-01-01,D02,CC201,A500,101064.06
20250101,2025-01-01,D02,CC201,A700,8259990.69
20250101,2025-01-01,D02,CC201,A800,169705.83
20250101,2025-01-01,D02,CC202,A200,1097243.73
20250101,2025-01-01,D02,CC202,A210,288185.53
20250101,2025-01-01,D02,CC202,A310,251989.15
20250101,2025-01-01,D02,CC202,A400,216451.92
20250101,2025-01-01,D02,CC202,A500,100590.82
20250101,2025-01-01,D02,CC202,A700,7820774.97
20250101,2025-01-01,D02,CC202,A800,161841.8
20250101,2025-01-01,D03,CC301,A200,581138.34
20250101,2025-01-01,D03,CC301,A210,195049.68
20250101,2025-01-01,D03,CC301,A300,232222.44
20250101,2025-01-01,D03,CC301,A400,105618.46
20250101,2025-01-01,D03,CC301,A500,59026.72
20250101,2025-01-01,D03,CC301,A800,99127.06
20250101,2025-01-01,D04,CC401,A200,488558.65
20250101,2025-01-01,D04,CC401,A210,133906.32
20250101,2025-01-01,D04,CC401,A300,189790.3
20250101,2025-01-01,D04,CC401,A400,104548.62
20250101,2025-01-01,D04,CC401,A500,49789.27
20250101,2025-01-01,D04,CC401,A800,75486.44
20250101,2025-01-01,D05,CC501,A200,720324.52
20250101,2025-01-01,D05,CC501,A210,172246.68
20250101,2025-01-01,D05,CC501,A300,260560.6
20250101,2025-01-01,D05,CC501,A310,162965.91
20250101,2025-01-01,D05,CC501,A400,121677.19
20250101,2025-01-01,D05,CC501,A500,59129.19
20250101,2025-01-01,D05,CC501,A800,97347.15
20250101,2025-01-01,D05,CC502,A200,734424.4
20250101,2025-01-01,D05,CC502,A210,180295.78
20250101,2025-01-01,D05,CC502,A300,259831.18
20250101,2025-01-01,D05,CC502,A310,176435.7
20250101,2025-01-01,D05,CC502,A400,140445.5
20250101,2025-01-01,D05,CC502,A500,64410.35
20250101,2025-01-01,D05,CC502,A800,101844.97
20250101,2025-01-01,D06,CC601,A200,328451.79
20250101,2025-01-01,D06,CC601,A210,97741.36
20250101,2025-01-01,D06,CC601,A300,128856.35
20250101,2025-01-01,D06,CC601,A400,63525.62
20250101,2025-01-01,D06,CC601,A500,32978.58
20250101,2025-01-01,D06,CC601,A800,48794.87
20250101,2025-01-01,D07,CC701,A100,6090056.14
20250101,2025-01-01,D07,CC701,A110,954430.42
20250101,2025-01-01,D07,CC701,A200,600119.14
20250101,2025-01-01,D07,CC701,A210,144310.77
20250101,2025-01-01,D07,CC701,A300,199821.21
20250101,2025-01-01,D07,CC701,A310,169631.18
20250101,2025-01-01,D07,CC701,A400,104014.44
20250101,2025-01-01,D07,CC701,A500,52898.71
20250101,2025-01-01,D07,CC701,A600,264376.33
20250101,2025-01-01,D07,CC701,A800,68187.77
20250101,2025-01-01,D08,CC801,A200,840112.4
20250101,2025-01-01,D08,CC801,A210,197414.45
20250101,2025-01-01,D08,CC801,A400,154668.86
20250101,2025-01-01,D08,CC801,A500,67321.82
20250101,2025-01-01,D08,CC801,A700,6477987.55
20250101,2025-01-01,D08,CC801,A800,113451.82
20250101,2025-01-01,D08,CC802,A200,824173.07
20250101,2025-01-01,D08,CC802,A210,231191.03
20250101,2025-01-01,D08,CC802,A300,304647.39
20250101,2025-01-01,D08,CC802,A400,168612.58
20250101,2025-01-01,D08,CC802,A500,76083.15
20250101,2025-01-01,D08,CC802,A700,5439445.87
20250101,2025-01-01,D08,CC802,A800,125137.89
20250201,2025-02-01,D01,CC101,A200,383465.09
20250201,2025-02-01,D01,CC101,A210,109010.8
20250201,2025-02-01,D01,CC101,A300,132306.79
20250201,2025-02-01,D01,CC101,A400,76163.73
20250201,2025-02-01,D01,CC101,A500,37240.49
20250201,2025-02-01,D01,CC101,A800,55944.4
20250201,2025-02-01,D01,CC102,A100,2589976.76
20250201,2025-02-01,D01,CC102,A110,394700.5
20250201,2025-02-01,D01,CC102,A200,414933.7
20250201,2025-02-01,D01,CC102,A210,116737.9
20250201,2025-02-01,D01,CC102,A300,142034.45
20250201,2025-02-01,D01,CC102,A400,82154.2
20250201,2025-02-01,D01,CC102,A500,37840.87
20250201,2025-02-01,D01,CC102,A800,60237.45
20250201,2025-02-01,D02,CC201,A200,1084001.76
20250201,2025-02-01,D02,CC201,A210,325630.86
20250201,2025-02-01,D02,CC201,A300,406065.02
20250201,2025-02-01,D02,CC201,A310,312823.05
20250201,2025-02-01,D02,CC201,A400,216406.61
20250201,2025-02-01,D02,CC201,A500,109940.0
20250201,2025-02-01,D02,CC201,A700,8894680.52
20250201,2025-02-01,D02,CC201,A800,148602.73
20250201,2025-02-01,D02,CC202,A200,1178950.22
20250201,2025-02-01,D02,CC202,A210,326322.32
20250201,2025-02-01,D02,CC202,A310,306782.68
20250201,2025-02-01,D02,CC202,A400,238714.6
20250201,2025-02-01,D02,CC202,A500,102504.18
20250201,2025-02-01,D02,CC202,A700,7717915.56
20250201,2025-02-01,D02,CC202,A800,144650.96
20250201,2025-02-01,D03,CC301,A200,647335.21
20250201,2025-02-01,D03,CC301,A210,201754.2
20250201,2025-02-01,D03,CC301,A300,235672.07
20250201,2025-02-01,D03,CC301,A310,161985.64
20250201,2025-02-01,D03,CC301,A400,129734.65
20250201,2025-02-01,D03,CC301,A500,56899.81
20250201,2025-02-01,D03,CC301,A800,90103.78
20250201,2025-02-01,D04,CC401,A200,563515.6
20250201,2025-02-01,D04,CC401,A210,132350.67
20250201,2025-02-01,D04,CC401,A300,174330.76
20250201,2025-02-01,D04,CC401,A310,122886.56
20250201,2025-02-01,D04,CC401,A400,82199.69
20250201,2025-02-01,D04,CC401,A500,46223.28
20250201,2025-02-01,D04,CC401,A800,67692.16
20250201,2025-02-01,D05,CC501,A200,739897.1
20250201,2025-02-01,D05,CC501,A210,188249.43
20250201,2025-02-01,D05,CC501,A300,221288.47
20250201,2025-02-01,D05,CC501,A310,166377.44
20250201,2025-02-01,D05,CC501,A400,128704.18
20250201,2025-02-01,D05,CC501,A500,62316.48
20250201,2025-02-01,D05,CC501,A800,99627.73
20250201,2025-02-01,D05,CC502,A200,777312.05
20250201,2025-02-01,D05,CC502,A210,197878.94
20250201,2025-02-01,D05,CC502,A300,229638.3
20250201,2025-02-01,D05,CC502,A310,198544.31
20250201,2025-02-01,D05,CC502,A400,144498.83
20250201,2025-02-01,D05,CC502,A500,56535.06
20250201,2025-02-01,D05,CC502,A800,106259.31
20250201,2025-02-01,D06,CC601,A200,363739.96
20250201,2025-02-01,D06,CC601,A210,95985.97
20250201,2025-02-01,D06,CC601,A300,130675.9
20250201,2025-02-01,D06,CC601,A400,64113.39
20250201,2025-02-01,D06,CC601,A500,30239.61
20250201,2025-02-01,D06,CC601,A800,45256.34
20250201,2025-02-01,D07,CC701,A100,5556203.56
20250201,2025-02-01,D07,CC701,A110,806534.17
20250201,2025-02-01,D07,CC701,A200,552746.68
20250201,2025-02-01,D07,CC701,A210,149797.81
20250201,2025-02-01,D07,CC701,A300,218629.35
20250201,2025-02-01,D07,CC701,A310,133513.44
20250201,2025-02-01,D07,CC701,A400,104903.63
20250201,2025-02-01,D07,CC701,A500,46439.09
20250201,2025-02-01,D07,CC701,A600,272794.69
20250201,2025-02-01,D07,CC701,A800,75306.76
20250201,2025-02-01,D08,CC801,A200,820146.32
20250201,2025-02-01,D08,CC801,A210,227440.05
20250201,2025-02-01,D08,CC801,A310,196478.62
20250201,2025-02-01,D08,CC801,A400,151923.35
20250201,2025-02-01,D08,CC801,A500,72233.27
20250201,2025-02-01,D08,CC801,A700,6617126.29
20250201,2025-02-01,D08,CC801,A800,114921.48
20250201,2025-02-01,D08,CC802,A200,874961.83
20250201,2025-02-01,D08,CC802,A210,216285.98
20250201,2025-02-01,D08,CC802,A300,294965.43
20250201,2025-02-01,D08,CC802,A310,189813.25
20250201,2025-02-01,D08,CC802,A400,159917.08
20250201,2025-02-01,D08,CC802,A500,74718.06
20250201,2025-02-01,D08,CC802,A700,6669684.12
20250201,2025-02-01,D08,CC802,A800,122540.42
20250301,2025-03-01,D01,CC101,A200,455377.09
20250301,2025-03-01,D01,CC101,A210,107440.97
20250301,2025-03-01,D01,CC101,A300,141146.95
20250301,2025-03-01,D01,CC101,A310,98004.47
20250301,2025-03-01,D01,CC101,A400,86747.02
20250301,2025-03-01,D01,CC101,A500,38031.56
20250301,2025-03-01,D01,CC101,A800,55292.34
20250301,2025-03-01,D01,CC102,A100,2562369.91
20250301,2025-03-01,D01,CC102,A110,380015.74
20250301,2025-03-01,D01,CC102,A200,414993.84
20250301,2025-03-01,D01,CC102,A210,111525.37
20250301,2025-03-01,D01,CC102,A300,131836.17
20250301,2025-03-01,D01,CC102,A310,104946.72
20250301,2025-03-01,D01,CC102,A400,76787.36
20250301,2025-03-01,D01,CC102,A500,36225.32
20250301,2025-03-01,D01,CC102,A800,56550.87
20250301,2025-03-01,D02,CC201,A200,1043752.36
20250301,2025-03-01,D02,CC201,A210,288243.27
20250301,2025-03-01,D02,CC201,A300,398229.42
20250301,2025-03-01,D02,CC201,A400,195553.89
20250301,2025-03-01,D02,CC201,A500,99144.44
20250301,2025-03-01,D02,CC201,A700,8648019.83
20250301,2025-03-01,D02,CC201,A800,154178.3
20250301,2025-03-01,D02,CC202,A200,1155709.36
20250301,2025-03-01,D02,CC202,A210,267025.9
20250301,2025-03-01,D02,CC202,A300,396435.71
20250301,2025-03-01,D02,CC202,A400,208831.05
20250301,2025-03-01,D02,CC202,A500,97250.14
20250301,2025-03-01,D02,CC202,A700,8561000.24
20250301,2025-03-01,D02,CC202,A800,138063.81
20250301,2025-03-01,D03,CC301,A200,638675.99
20250301,2025-03-01,D03,CC301,A210,197895.04
20250301,2025-03-01,D03,CC301,A300,233842.66
20250301,2025-03-01,D03,CC301,A310,174577.44
20250301,2025-03-01,D03,CC301,A400,126956.24
20250301,2025-03-01,D03,CC301,A500,54509.6
20250301,2025-03-01,D03,CC301,A800,84642.27
20250301,2025-03-01,D04,CC401,A200,582501.27
20250301,2025-03-01,D04,CC401,A210,126696.86
20250301,2025-03-01,D04,CC401,A300,186287.07
20250301,2025-03-01,D04,CC401,A310,130372.67
20250301,2025-03-01,D04,CC401,A400,86472.27
20250301,2025-03-01,D04,CC401,A500,45374.57
20250301,2025-03-01,D04,CC401,A800,64754.45
20250301,2025-03-01,D05,CC501,A200,759398.09
20250301,2025-03-01,D05,CC501,A210,202373.77
20250301,2025-03-01,D05,CC501,A300,233942.92
20250301,2025-03-01,D05,CC501,A310,191492.75
20250301,2025-03-01,D05,CC501,A400,132678.67
20250301,2025-03-01,D05,CC501,A500,66920.61
20250301,2025-03-01,D05,CC501,A800,105932.47
20250301,2025-03-01,D05,CC502,A200,743026.72
20250301,2025-03-01,D05,CC502,A210,185795.15
20250301,2025-03-01,D05,CC502,A300,276959.85
20250301,2025-03-01,D05,CC502,A310,224947.76
20250301,2025-03-01,D05,CC502,A400,134414.5
20250301,2025-03-01,D05,CC502,A500,58535.44
20250301,2025-03-01,D05,CC502,A800,103541.37
20250301,2025-03-01,D06,CC601,A200,358449.07
20250301,2025-03-01,D06,CC601,A210,90253.25
20250301,2025-03-01,D06,CC601,A300,123713.91
20250301,2025-03-01,D06,CC601,A310,86854.67
20250301,2025-03-01,D06,CC601,A400,61700.51
20250301,2025-03-01,D06,CC601,A500,25947.35
20250301,2025-03-01,D06,CC601,A800,46633.17
20250301,2025-03-01,D07,CC701,A100,5847145.04
20250301,2025-03-01,D07,CC701,A110,891426.03
20250301,2025-03-01,D07,CC701,A200,593986.46
20250301,2025-03-01,D07,CC701,A210,138864.25
20250301,2025-03-01,D07,CC701,A310,144802.57
20250301,2025-03-01,D07,CC701,A400,102677.15
20250301,2025-03-01,D07,CC701,A500,53663.44
20250301,2025-03-01,D07,CC701,A600,270571.6
20250301,2025-03-01,D07,CC701,A800,74379.68
20250301,2025-03-01,D08,CC801,A200,885799.33
20250301,2025-03-01,D08,CC801,A210,195755.02
20250301,2025-03-01,D08,CC801,A300,303393.0
20250301,2025-03-01,D08,CC801,A310,222142.75
20250301,2025-03-01,D08,CC801,A400,153243.99
20250301,2025-03-01,D08,CC801,A500,77729.08
20250301,2025-03-01,D08,CC801,A700,5856534.69
20250301,2025-03-01,D08,CC801,A800,105696.99
20250301,2025-03-01,D08,CC802,A200,859873.15
20250301,2025-03-01,D08,CC802,A210,220213.77
20250301,2025-03-01,D08,CC802,A310,215635.66
20250301,2025-03-01,D08,CC802,A400,165053.0
20250301,2025-03-01,D08,CC802,A500,77400.31
20250301,2025-03-01,D08,CC802,A700,6824778.64
20250301,2025-03-01,D08,CC802,A800,105032.09
20250401,2025-04-01,D01,CC101,A200,392095.14
20250401,2025-04-01,D01,CC101,A210,90742.86
20250401,2025-04-01,D01,CC101,A310,112929.57
20250401,2025-04-01,D01,CC101,A400,74798.56
20250401,2025-04-01,D01,CC101,A500,36896.02
20250401,2025-04-01,D01,CC101,A800,59712.03
20250401,2025-04-01,D01,CC102,A100,2936018.74
20250401,2025-04-01,D01,CC102,A110,398823.62
20250401,2025-04-01,D01,CC102,A200,379347.25
20250401,2025-04-01,D01,CC102,A210,103839.7
20250401,2025-04-01,D01,CC102,A310,101569.33
20250401,2025-04-01,D01,CC102,A400,69283.15
20250401,2025-04-01,D01,CC102,A500,39661.22
20250401,2025-04-01,D01,CC102,A800,57193.72
20250401,2025-04-01,D02,CC201,A200,1086837.65
20250401,2025-04-01,D02,CC201,A210,328777.61
20250401,2025-04-01,D02,CC201,A300,416546.88
20250401,2025-04-01,D02,CC201,A400,202995.65
20250401,2025-04-01,D02,CC201,A500,101096.82
20250401,2025-04-01,D02,CC201,A700,8236882.39
20250401,2025-04-01,D02,CC201,A800,129655.4
20250401,2025-04-01,D02,CC202,A200,1244223.32
20250401,2025-04-01,D02,CC202,A210,272082.29
20250401,2025-04-01,D02,CC202,A300,370616.89
20250401,2025-04-01,D02,CC202,A310,293124.01
20250401,2025-04-01,D02,CC202,A400,198135.06
20250401,2025-04-01,D02,CC202,A500,98968.0
20250401,2025-04-01,D02,CC202,A700,7984141.87
20250401,2025-04-01,D02,CC202,A800,152598.63
20250401,2025-04-01,D03,CC301,A200,682112.22
20250401,2025-04-01,D03,CC301,A210,175481.08
20250401,2025-04-01,D03,CC301,A310,151068.47
20250401,2025-04-01,D03,CC301,A400,125608.68
20250401,2025-04-01,D03,CC301,A500,61006.3
20250401,2025-04-01,D03,CC301,A800,101729.86
20250401,2025-04-01,D04,CC401,A200,577183.74
20250401,2025-04-01,D04,CC401,A210,158791.18
20250401,2025-04-01,D04,CC401,A300,181058.84
20250401,2025-04-01,D04,CC401,A310,125431.67
20250401,2025-04-01,D04,CC401,A400,102174.94
20250401,2025-04-01,D04,CC401,A500,44743.85
20250401,2025-04-01,D04,CC401,A800,62842.67
20250401,2025-04-01,D05,CC501,A200,801061.53
20250401,2025-04-01,D05,CC501,A210,189939.63
20250401,2025-04-01,D05,CC501,A300,262626.35
20250401,2025-04-01,D05,CC501,A310,202388.23
20250401,2025-04-01,D05,CC501,A400,120886.45
20250401,2025-04-01,D05,CC501,A500,67953.45
20250401,2025-04-01,D05,CC501,A800,103316.04
20250401,2025-04-01,D05,CC502,A200,678288.14
20250401,2025-04-01,D05,CC502,A210,205066.37
20250401,2025-04-01,D05,CC502,A300,282126.64
20250401,2025-04-01,D05,CC502,A310,175305.47
20250401,2025-04-01,D05,CC502,A400,131511.88
20250401,2025-04-01,D05,CC502,A500,68023.12
20250401,2025-04-01,D05,CC502,A800,94258.34
20250401,2025-04-01,D06,CC601,A200,407146.15
20250401,2025-04-01,D06,CC601,A210,99480.87
20250401,2025-04-01,D06,CC601,A310,93054.03
20250401,2025-04-01,D06,CC601,A400,71775.93
20250401,2025-04-01,D06,CC601,A500,31801.55
20250401,2025-04-01,D06,CC601,A800,48689.75
20250401,2025-04-01,D07,CC701,A100,5709015.2
20250401,2025-04-01,D07,CC701,A110,957360.86
20250401,2025-04-01,D07,CC701,A200,561478.54
20250401,2025-04-01,D07,CC701,A210,146556.28
20250401,2025-04-01,D07,CC701,A300,202058.77
20250401,2025-04-01,D07,CC701,A400,107204.5
20250401,2025-04-01,D07,CC701,A500,52965.67
20250401,2025-04-01,D07,CC701,A600,271370.56
20250401,2025-04-01,D07,CC701,A800,71831.67
20250401,2025-04-01,D08,CC801,A200,855539.52
20250401,2025-04-01,D08,CC801,A210,210553.35
20250401,2025-04-01,D08,CC801,A310,191669.32
20250401,2025-04-01,D08,CC801,A400,141483.02
20250401,2025-04-01,D08,CC801,A500,68961.16
20250401,2025-04-01,D08,CC801,A700,6404745.87
20250401,2025-04-01,D08,CC801,A800,107086.97
20250401,2025-04-01,D08,CC802,A200,784181.0
20250401,2025-04-01,D08,CC802,A210,197315.42
20250401,2025-04-01,D08,CC802,A300,292155.85
20250401,2025-04-01,D08,CC802,A310,223076.77
20250401,2025-04-01,D08,CC802,A400,143632.22
20250401,2025-04-01,D08,CC802,A500,71738.62
20250401,2025-04-01,D08,CC802,A700,5940513.2
20250401,2025-04-01,D08,CC802,A800,111373.96
20250501,2025-05-01,D01,CC101,A200,402693.37
20250501,2025-05-01,D01,CC101,A210,105450.67
20250501,2025-05-01,D01,CC101,A310,105305.09
20250501,2025-05-01,D01,CC101,A400,84954.0
20250501,2025-05-01,D01,CC101,A500,34483.53
20250501,2025-05-01,D01,CC101,A800,61239.57
20250501,2025-05-01,D01,CC102,A100,2546020.73
20250501,2025-05-01,D01,CC102,A110,390229.78
20250501,2025-05-01,D01,CC102,A200,468787.4
20250501,2025-05-01,D01,CC102,A210,106597.72
20250501,2025-05-01,D01,CC102,A300,142799.21
20250501,2025-05-01,D01,CC102,A310,97674.59
20250501,2025-05-01,D01,CC102,A400,75947.2
20250501,2025-05-01,D01,CC102,A500,37403.91
20250501,2025-05-01,D01,CC102,A800,56349.73
20250501,2025-05-01,D02,CC201,A200,1104879.12
20250501,2025-05-01,D02,CC201,A210,318106.16
20250501,2025-05-01,D02,CC201,A310,286550.26
20250501,2025-05-01,D02,CC201,A400,209278.91
20250501,2025-05-01,D02,CC201,A500,100140.65
20250501,2025-05-01,D02,CC201,A700,8564930.56
20250501,2025-05-01,D02,CC201,A800,161492.09
20250501,2025-05-01,D02,CC202,A200,1034247.3
20250501,2025-05-01,D02,CC202,A210,336789.05
20250501,2025-05-01,D02,CC202,A400,225940.05
20250501,2025-05-01,D02,CC202,A500,98871.22
20250501,2025-05-01,D02,CC202,A700,8997037.8
20250501,2025-05-01,D02,CC202,A800,144504.8
20250501,2025-05-01,D03,CC301,A200,763833.94
20250501,2025-05-01,D03,CC301,A210,164829.57
20250501,2025-05-01,D03,CC301,A300,228167.96
20250501,2025-05-01,D03,CC301,A400,131748.25
20250501,2025-05-01,D03,CC301,A500,56742.23
20250501,2025-05-01,D03,CC301,A800,94868.29
20250501,2025-05-01,D04,CC401,A200,532373.9
20250501,2025-05-01,D04,CC401,A210,135104.04
20250501,2025-05-01,D04,CC401,A300,182572.5
20250501,2025-05-01,D04,CC401,A310,123273.02
20250501,2025-05-01,D04,CC401,A400,101941.98
20250501,2025-05-01,D04,CC401,A500,47535.86
20250501,2025-05-01,D04,CC401,A800,70036.79
20250501,2025-05-01,D05,CC501,A200,718749.26
20250501,2025-05-01,D05,CC501,A210,190027.25
20250501,2025-05-01,D05,CC501,A300,271828.14
20250501,2025-05-01,D05,CC501,A310,170510.3
20250501,2025-05-01,D05,CC501,A400,143206.08
20250501,2025-05-01,D05,CC501,A500,62552.46
20250501,2025-05-01,D05,CC501,A800,100285.83
20250501,2025-05-01,D05,CC502,A200,756957.67
20250501,2025-05-01,D05,CC502,A210,185725.36
20250501,2025-05-01,D05,CC502,A300,237306.18
20250501,2025-05-01,D05,CC502,A310,190085.14
20250501,2025-05-01,D05,CC502,A400,127271.97
20250501,2025-05-01,D05,CC502,A500,65336.83
20250501,2025-05-01,D05,CC502,A800,104719.18
20250501,2025-05-01,D06,CC601,A200,359805.99
20250501,2025-05-01,D06,CC601,A210,100828.18
20250501,2025-05-01,D06,CC601,A300,114049.8
20250501,2025-05-01,D06,CC601,A310,80938.51
20250501,2025-05-01,D06,CC601,A400,61693.75
20250501,2025-05-01,D06,CC601,A500,30516.29
20250501,2025-05-01,D06,CC601,A800,48595.93
20250501,2025-05-01,D07,CC701,A100,5512551.1
20250501,2025-05-01,D07,CC701,A110,852907.51
20250501,2025-05-01,D07,CC701,A200,589846.75
20250501,2025-05-01,D07,CC701,A210,150869.77
20250501,2025-05-01,D07,CC701,A310,144481.29
20250501,2025-05-01,D07,CC701,A400,113014.84
20250501,2025-05-01,D07,CC701,A500,52618.02
20250501,2025-05-01,D07,CC701,A600,276750.31
20250501,2025-05-01,D07,CC701,A800,81430.94
20250501,2025-05-01,D08,CC801,A200,822163.58
20250501,2025-05-01,D08,CC801,A210,213300.09
20250501,2025-05-01,D08,CC801,A300,280136.54
20250501,2025-05-01,D08,CC801,A310,192317.72
20250501,2025-05-01,D08,CC801,A400,149321.81
20250501,2025-05-01,D08,CC801,A500,61339.05
20250501,2025-05-01,D08,CC801,A700,6459088.48
20250501,2025-05-01,D08,CC801,A800,103517.88
20250501,2025-05-01,D08,CC802,A200,921785.16
20250501,2025-05-01,D08,CC802,A210,216658.47
20250501,2025-05-01,D08,CC802,A310,179638.68
20250501,2025-05-01,D08,CC802,A400,143996.96
20250501,2025-05-01,D08,CC802,A500,76243.04
20250501,2025-05-01,D08,CC802,A700,6609161.28
20250501,2025-05-01,D08,CC802,A800,122734.43
20250601,2025-06-01,D01,CC101,A200,428162.1
20250601,2025-06-01,D01,CC101,A210,113474.25
20250601,2025-06-01,D01,CC101,A310,107865.34
20250601,2025-06-01,D01,CC101,A400,79296.6
20250601,2025-06-01,D01,CC101,A500,35799.59
20250601,2025-06-01,D01,CC101,A800,56001.09
20250601,2025-06-01,D01,CC102,A100,2335208.62
20250601,2025-06-01,D01,CC102,A110,379917.93
20250601,2025-06-01,D01,CC102,A200,425060.71
20250601,2025-06-01,D01,CC102,A210,109827.84
20250601,2025-06-01,D01,CC102,A300,147312.62
20250601,2025-06-01,D01,CC102,A310,106069.07
20250601,2025-06-01,D01,CC102,A400,63385.45
20250601,2025-06-01,D01,CC102,A500,34692.37
20250601,2025-06-01,D01,CC102,A800,59728.22
20250601,2025-06-01,D02,CC201,A200,1153275.57
20250601,2025-06-01,D02,CC201,A210,282425.55
20250601,2025-06-01,D02,CC201,A300,428015.8
20250601,2025-06-01,D02,CC201,A310,289897.34
20250601,2025-06-01,D02,CC201,A400,197857.46
20250601,2025-06-01,D02,CC201,A500,99761.48
20250601,2025-06-01,D02,CC201,A700,8965723.76
20250601,2025-06-01,D02,CC201,A800,163503.45
20250601,2025-06-01,D02,CC202,A200,1131092.49
20250601,2025-06-01,D02,CC202,A210,310591.49
20250601,2025-06-01,D02,CC202,A300,401444.84
20250601,2025-06-01,D02,CC202,A310,293114.71
20250601,2025-06-01,D02,CC202,A400,225715.3
20250601,2025-06-01,D02,CC202,A500,106917.99
20250601,2025-06-01,D02,CC202,A700,8779226.22
20250601,2025-06-01,D02,CC202,A800,162076.05
20250601,2025-06-01,D03,CC301,A200,733597.89
20250601,2025-06-01,D03,CC301,A210,167752.21
20250601,2025-06-01,D03,CC301,A300,263601.39
20250601,2025-06-01,D03,CC301,A310,170370.04
20250601,2025-06-01,D03,CC301,A400,137258.64
20250601,2025-06-01,D03,CC301,A500,60714.4
20250601,2025-06-01,D03,CC301,A800,98811.94
20250601,2025-06-01,D04,CC401,A200,545178.85
20250601,2025-06-01,D04,CC401,A210,133044.63
20250601,2025-06-01,D04,CC401,A300,171826.54
20250601,2025-06-01,D04,CC401,A310,124504.51
20250601,2025-06-01,D04,CC401,A400,93416.97
20250601,2025-06-01,D04,CC401,A500,44665.27
20250601,2025-06-01,D04,CC401,A800,67639.84
20250601,2025-06-01,D05,CC501,A200,592721.63
20250601,2025-06-01,D05,CC501,A210,201587.46
20250601,2025-06-01,D05,CC501,A300,261793.32
20250601,2025-06-01,D05,CC501,A310,183057.74
20250601,2025-06-01,D05,CC501,A400,139963.62
20250601,2025-06-01,D05,CC501,A500,67902.19
20250601,2025-06-01,D05,CC501,A800,106669.47
20250601,2025-06-01,D05,CC502,A200,699306.85
20250601,2025-06-01,D05,CC502,A210,197398.31
20250601,2025-06-01,D05,CC502,A300,252857.52
20250601,2025-06-01,D05,CC502,A310,171438.84
20250601,2025-06-01,D05,CC502,A400,132590.89
20250601,2025-06-01,D05,CC502,A500,69494.15
20250601,2025-06-01,D05,CC502,A800,100867.1
20250601,2025-06-01,D06,CC601,A200,393775.86
20250601,2025-06-01,D06,CC601,A210,93442.81
20250601,2025-06-01,D06,CC601,A300,126132.23
20250601,2025-06-01,D06,CC601,A310,93657.76
20250601,2025-06-01,D06,CC601,A400,67824.44
20250601,2025-06-01,D06,CC601,A500,31289.16
20250601,2025-06-01,D06,CC601,A800,55228.62
20250601,2025-06-01,D07,CC701,A100,5578852.31
20250601,2025-06-01,D07,CC701,A110,843341.41
20250601,2025-06-01,D07,CC701,A200,535838.62
20250601,2025-06-01,D07,CC701,A210,153487.4
20250601,2025-06-01,D07,CC701,A300,184198.97
20250601,2025-06-01,D07,CC701,A310,149620.3
20250601,2025-06-01,D07,CC701,A400,98398.96
20250601,2025-06-01,D07,CC701,A500,46994.31
20250601,2025-06-01,D07,CC701,A600,258559.54
20250601,2025-06-01,D07,CC701,A800,70973.18
20250601,2025-06-01,D08,CC801,A200,844547.11
20250601,2025-06-01,D08,CC801,A210,201484.58
20250601,2025-06-01,D08,CC801,A310,205411.37
20250601,2025-06-01,D08,CC801,A400,161352.24
20250601,2025-06-01,D08,CC801,A500,69131.99
20250601,2025-06-01,D08,CC801,A700,6291136.79
20250601,2025-06-01,D08,CC801,A800,110149.6
20250601,2025-06-01,D08,CC802,A200,849136.37
20250601,2025-06-01,D08,CC802,A210,208204.21
20250601,2025-06-01,D08,CC802,A310,196201.67
20250601,2025-06-01,D08,CC802,A400,174932.67
20250601,2025-06-01,D08,CC802,A500,76050.84
20250601,2025-06-01,D08,CC802,A700,6713029.23
20250601,2025-06-01,D08,CC802,A800,110953.0
20250701,2025-07-01,D01,CC101,A200,439384.76
20250701,2025-07-01,D01,CC101,A210,109969.14
20250701,2025-07-01,D01,CC101,A300,140728.39
20250701,2025-07-01,D01,CC101,A310,93406.78
20250701,2025-07-01,D01,CC101,A400,83578.61
20250701,2025-07-01,D01,CC101,A500,38210.83
20250701,2025-07-01,D01,CC101,A800,53308.83
20250701,2025-07-01,D01,CC102,A100,2470254.33
20250701,2025-07-01,D01,CC102,A110,361232.38
20250701,2025-07-01,D01,CC102,A200,430206.08
20250701,2025-07-01,D01,CC102,A210,101108.26
20250701,2025-07-01,D01,CC102,A300,141570.07
20250701,2025-07-01,D01,CC102,A310,105065.81
20250701,2025-07-01,D01,CC102,A400,71113.97
20250701,2025-07-01,D01,CC102,A500,37175.66
20250701,2025-07-01,D01,CC102,A800,61897.45
20250701,2025-07-01,D02,CC201,A200,1161179.87
20250701,2025-07-01,D02,CC201,A210,250588.65
20250701,2025-07-01,D02,CC201,A300,372860.9
20250701,2025-07-01,D02,CC201,A310,270661.04
20250701,2025-07-01,D02,CC201,A400,227267.03
20250701,2025-07-01,D02,CC201,A500,101556.58
20250701,2025-07-01,D02,CC201,A700,8447462.28
20250701,2025-07-01,D02,CC201,A800,144053.44
20250701,2025-07-01,D02,CC202,A200,1264404.9
20250701,2025-07-01,D02,CC202,A210,304759.58
20250701,2025-07-01,D02,CC202,A310,287098.34
20250701,2025-07-01,D02,CC202,A400,209514.12
20250701,2025-07-01,D02,CC202,A500,100234.65
20250701,2025-07-01,D02,CC202,A700,8531975.54
20250701,2025-07-01,D02,CC202,A800,148901.3
20250701,2025-07-01,D03,CC301,A200,690605.02
20250701,2025-07-01,D03,CC301,A210,173899.85
20250701,2025-07-01,D03,CC301,A310,173207.77
20250701,2025-07-01,D03,CC301,A400,111078.82
20250701,2025-07-01,D03,CC301,A500,66553.85
20250701,2025-07-01,D03,CC301,A800,89774.2
20250701,2025-07-01,D04,CC401,A200,503134.59
20250701,2025-07-01,D04,CC401,A210,140285.67
20250701,2025-07-01,D04,CC401,A300,194551.0
20250701,2025-07-01,D04,CC401,A310,126246.7
20250701,2025-07-01,D04,CC401,A400,102893.77
20250701,2025-07-01,D04,CC401,A500,50023.98
20250701,2025-07-01,D04,CC401,A800,60656.36
20250701,2025-07-01,D05,CC501,A200,821409.38
20250701,2025-07-01,D05,CC501,A210,201412.69
20250701,2025-07-01,D05,CC501,A300,234277.01
20250701,2025-07-01,D05,CC501,A310,170057.87
20250701,2025-07-01,D05,CC501,A400,153233.66
20250701,2025-07-01,D05,CC501,A500,65012.7
20250701,2025-07-01,D05,CC501,A800,107506.47
20250701,2025-07-01,D05,CC502,A200,845404.56
20250701,2025-07-01,D05,CC502,A210,196729.38
20250701,2025-07-01,D05,CC502,A300,291507.94
20250701,2025-07-01,D05,CC502,A310,197347.85
20250701,2025-07-01,D05,CC502,A400,149970.51
20250701,2025-07-01,D05,CC502,A500,64680.88
20250701,2025-07-01,D05,CC502,A800,93967.62
20250701,2025-07-01,D06,CC601,A200,362461.46
20250701,2025-07-01,D06,CC601,A210,96578.84
20250701,2025-07-01,D06,CC601,A300,134615.13
20250701,2025-07-01,D06,CC601,A400,69018.32
20250701,2025-07-01,D06,CC601,A500,31843.31
20250701,2025-07-01,D06,CC601,A800,49503.42
20250701,2025-07-01,D07,CC701,A100,5357557.04
20250701,2025-07-01,D07,CC701,A110,902978.82
20250701,2025-07-01,D07,CC701,A200,602822.34
20250701,2025-07-01,D07,CC701,A210,141123.32
20250701,2025-07-01,D07,CC701,A300,200828.48
20250701,2025-07-01,D07,CC701,A310,139732.0
20250701,2025-07-01,D07,CC701,A400,110732.54
20250701,2025-07-01,D07,CC701,A500,47271.43
20250701,2025-07-01,D07,CC701,A600,245185.11
20250701,2025-07-01,D07,CC701,A800,77589.12
20250701,2025-07-01,D08,CC801,A200,908027.72
20250701,2025-07-01,D08,CC801,A210,236683.0
20250701,2025-07-01,D08,CC801,A310,205191.16
20250701,2025-07-01,D08,CC801,A400,149052.57
20250701,2025-07-01,D08,CC801,A500,70752.87
20250701,2025-07-01,D08,CC801,A700,6502839.43
20250701,2025-07-01,D08,CC801,A800,111747.39
20250701,2025-07-01,D08,CC802,A200,873743.23
20250701,2025-07-01,D08,CC802,A210,227678.82
20250701,2025-07-01,D08,CC802,A300,284203.26
20250701,2025-07-01,D08,CC802,A310,242635.5
20250701,2025-07-01,D08,CC802,A400,138661.75
20250701,2025-07-01,D08,CC802,A500,80380.8
20250701,2025-07-01,D08,CC802,A700,6701456.22
20250701,2025-07-01,D08,CC802,A800,121256.73
20250801,2025-08-01,D01,CC101,A200,410785.84
20250801,2025-08-01,D01,CC101,A210,108477.3
20250801,2025-08-01,D01,CC101,A300,146240.71
20250801,2025-08-01,D01,CC101,A400,74027.76
20250801,2025-08-01,D01,CC101,A500,32771.32
20250801,2025-08-01,D01,CC101,A800,55017.77
20250801,2025-08-01,D01,CC102,A100,2600883.18
20250801,2025-08-01,D01,CC102,A110,400223.21
20250801,2025-08-01,D01,CC102,A200,428425.68
20250801,2025-08-01,D01,CC102,A210,108884.68
20250801,2025-08-01,D01,CC102,A310,117041.43
20250801,2025-08-01,D01,CC102,A400,77567.2
20250801,2025-08-01,D01,CC102,A500,39752.4
20250801,2025-08-01,D01,CC102,A800,58876.22
20250801,2025-08-01,D02,CC201,A200,1074051.85
20250801,2025-08-01,D02,CC201,A210,297681.75
20250801,2025-08-01,D02,CC201,A300,396923.09
20250801,2025-08-01,D02,CC201,A310,317453.1
20250801,2025-08-01,D02,CC201,A400,178490.41
20250801,2025-08-01,D02,CC201,A500,97669.22
20250801,2025-08-01,D02,CC201,A700,8435257.75
20250801,2025-08-01,D02,CC201,A800,156662.47
20250801,2025-08-01,D02,CC202,A200,1148763.78
20250801,2025-08-01,D02,CC202,A210,327119.13
20250801,2025-08-01,D02,CC202,A300,417075.58
20250801,2025-08-01,D02,CC202,A400,236544.88
20250801,2025-08-01,D02,CC202,A500,98758.1
20250801,2025-08-01,D02,CC202,A700,8347708.21
20250801,2025-08-01,D02,CC202,A800,165632.5
20250801,2025-08-01,D03,CC301,A200,651501.51
20250801,2025-08-01,D03,CC301,A210,168107.09
20250801,2025-08-01,D03,CC301,A310,206369.46
20250801,2025-08-01,D03,CC301,A400,126393.86
20250801,2025-08-01,D03,CC301,A500,62851.67
20250801,2025-08-01,D03,CC301,A800,88789.67
20250801,2025-08-01,D04,CC401,A200,524873.93
20250801,2025-08-01,D04,CC401,A210,156724.71
20250801,2025-08-01,D04,CC401,A300,195401.58
20250801,2025-08-01,D04,CC401,A310,133790.44
20250801,2025-08-01,D04,CC401,A400,102963.11
20250801,2025-08-01,D04,CC401,A500,47181.26
20250801,2025-08-01,D04,CC401,A800,73595.04
20250801,2025-08-01,D05,CC501,A200,733688.08
20250801,2025-08-01,D05,CC501,A210,211761.42
20250801,2025-08-01,D05,CC501,A300,270541.72
20250801,2025-08-01,D05,CC501,A310,180898.44
20250801,2025-08-01,D05,CC501,A400,126528.86
20250801,2025-08-01,D05,CC501,A500,70324.67
20250801,2025-08-01,D05,CC501,A800,96677.85
20250801,2025-08-01,D05,CC502,A200,757960.9
20250801,2025-08-01,D05,CC502,A210,208285.22
20250801,2025-08-01,D05,CC502,A300,239041.46
20250801,2025-08-01,D05,CC502,A310,173702.7
20250801,2025-08-01,D05,CC502,A400,131868.76
20250801,2025-08-01,D05,CC502,A500,62715.07
20250801,2025-08-01,D05,CC502,A800,101474.56
20250801,2025-08-01,D06,CC601,A200,385034.64
20250801,2025-08-01,D06,CC601,A210,97077.43
20250801,2025-08-01,D06,CC601,A300,129340.17
20250801,2025-08-01,D06,CC601,A310,77009.81
20250801,2025-08-01,D06,CC601,A400,63966.95
20250801,2025-08-01,D06,CC601,A500,34400.8
20250801,2025-08-01,D06,CC601,A800,46470.31
20250801,2025-08-01,D07,CC701,A100,5449406.89
20250801,2025-08-01,D07,CC701,A110,858337.34
20250801,2025-08-01,D07,CC701,A200,591805.38
20250801,2025-08-01,D07,CC701,A210,163035.67
20250801,2025-08-01,D07,CC701,A400,113813.71
20250801,2025-08-01,D07,CC701,A500,55650.82
20250801,2025-08-01,D07,CC701,A600,269778.78
20250801,2025-08-01,D07,CC701,A800,75096.06
20250801,2025-08-01,D08,CC801,A200,853085.95
20250801,2025-08-01,D08,CC801,A210,226457.13
20250801,2025-08-01,D08,CC801,A310,220366.57
20250801,2025-08-01,D08,CC801,A400,174600.75
20250801,2025-08-01,D08,CC801,A500,62091.81
20250801,2025-08-01,D08,CC801,A700,5592265.4
20250801,2025-08-01,D08,CC801,A800,115578.41
20250801,2025-08-01,D08,CC802,A200,847313.33
20250801,2025-08-01,D08,CC802,A210,233616.01
20250801,2025-08-01,D08,CC802,A300,274433.78
20250801,2025-08-01,D08,CC802,A310,192266.53
20250801,2025-08-01,D08,CC802,A400,161151.88
20250801,2025-08-01,D08,CC802,A500,69231.31
20250801,2025-08-01,D08,CC802,A700,6351061.27
20250801,2025-08-01,D08,CC802,A800,109972.93
20250901,2025-09-01,D01,CC101,A200,429978.8
20250901,2025-09-01,D01,CC101,A210,109477.65
20250901,2025-09-01,D01,CC101,A300,138674.15
20250901,2025-09-01,D01,CC101,A310,103511.43
20250901,2025-09-01,D01,CC101,A400,89876.39
20250901,2025-09-01,D01,CC101,A500,37996.52
20250901,2025-09-01,D01,CC101,A800,55231.37
20250901,2025-09-01,D01,CC102,A100,2539187.37
20250901,2025-09-01,D01,CC102,A110,358651.92
20250901,2025-09-01,D01,CC102,A200,418300.57
20250901,2025-09-01,D01,CC102,A210,107418.14
20250901,2025-09-01,D01,CC102,A400,75904.96
20250901,2025-09-01,D01,CC102,A500,36320.07
20250901,2025-09-01,D01,CC102,A800,64010.67
20250901,2025-09-01,D02,CC201,A200,1081520.1
20250901,2025-09-01,D02,CC201,A210,282017.58
20250901,2025-09-01,D02,CC201,A300,392360.42
20250901,2025-09-01,D02,CC201,A310,266878.23
20250901,2025-09-01,D02,CC201,A400,225383.74
20250901,2025-09-01,D02,CC201,A500,92828.83
20250901,2025-09-01,D02,CC201,A700,9359798.46
20250901,2025-09-01,D02,CC201,A800,151578.49
20250901,2025-09-01,D02,CC202,A200,1232689.76
20250901,2025-09-01,D02,CC202,A210,277087.59
20250901,2025-09-01,D02,CC202,A310,296880.82
20250901,2025-09-01,D02,CC202,A400,204944.46
20250901,2025-09-01,D02,CC202,A500,109521.65
20250901,2025-09-01,D02,CC202,A700,8921602.73
20250901,2025-09-01,D02,CC202,A800,146756.92
20250901,2025-09-01,D03,CC301,A200,687389.55
20250901,2025-09-01,D03,CC301,A210,176609.0
20250901,2025-09-01,D03,CC301,A300,221626.38
20250901,2025-09-01,D03,CC301,A310,180451.99
20250901,2025-09-01,D03,CC301,A400,116505.78
20250901,2025-09-01,D03,CC301,A500,56662.58
20250901,2025-09-01,D03,CC301,A800,88487.59
20250901,2025-09-01,D04,CC401,A200,543567.81
20250901,2025-09-01,D04,CC401,A210,141671.26
20250901,2025-09-01,D04,CC401,A300,177006.95
20250901,2025-09-01,D04,CC401,A400,90961.01
20250901,2025-09-01,D04,CC401,A500,45425.09
20250901,2025-09-01,D04,CC401,A800,78867.82
20250901,2025-09-01,D05,CC501,A200,737487.33
20250901,2025-09-01,D05,CC501,A210,197433.72
20250901,2025-09-01,D05,CC501,A300,218566.75
20250901,2025-09-01,D05,CC501,A310,178409.06
20250901,2025-09-01,D05,CC501,A400,135048.12
20250901,2025-09-01,D05,CC501,A500,66455.58
20250901,2025-09-01,D05,CC501,A800,98699.75
20250901,2025-09-01,D05,CC502,A200,758359.81
20250901,2025-09-01,D05,CC502,A210,195424.81
20250901,2025-09-01,D05,CC502,A300,244522.27
20250901,2025-09-01,D05,CC502,A310,173007.25
20250901,2025-09-01,D05,CC502,A400,128288.25
20250901,2025-09-01,D05,CC502,A500,67087.6
20250901,2025-09-01,D05,CC502,A800,100147.46
20250901,2025-09-01,D06,CC601,A200,384572.88
20250901,2025-09-01,D06,CC601,A210,93987.96
20250901,2025-09-01,D06,CC601,A300,125324.19
20250901,2025-09-01,D06,CC601,A310,86362.33
20250901,2025-09-01,D06,CC601,A400,73672.54
20250901,2025-09-01,D06,CC601,A500,33290.33
20250901,2025-09-01,D06,CC601,A800,52717.96
20250901,2025-09-01,D07,CC701,A100,5534709.2
20250901,2025-09-01,D07,CC701,A110,873612.92
20250901,2025-09-01,D07,CC701,A200,532128.07
20250901,2025-09-01,D07,CC701,A210,157085.89
20250901,2025-09-01,D07,CC701,A400,106696.37
20250901,2025-09-01,D07,CC701,A500,52385.62
20250901,2025-09-01,D07,CC701,A600,274845.37
20250901,2025-09-01,D07,CC701,A800,83635.63
20250901,2025-09-01,D08,CC801,A200,797941.43
20250901,2025-09-01,D08,CC801,A210,213816.81
20250901,2025-09-01,D08,CC801,A300,304030.8
20250901,2025-09-01,D08,CC801,A400,150275.95
20250901,2025-09-01,D08,CC801,A500,61339.06
20250901,2025-09-01,D08,CC801,A700,6513905.55
20250901,2025-09-01,D08,CC801,A800,108592.52
20250901,2025-09-01,D08,CC802,A200,870101.08
20250901,2025-09-01,D08,CC802,A210,219671.44
20250901,2025-09-01,D08,CC802,A300,277095.43
20250901,2025-09-01,D08,CC802,A310,208338.48
20250901,2025-09-01,D08,CC802,A400,156738.14
20250901,2025-09-01,D08,CC802,A500,77287.51
20250901,2025-09-01,D08,CC802,A700,6647938.88
20250901,2025-09-01,D08,CC802,A800,116313.94
20251001,2025-10-01,D01,CC101,A200,435336.72
20251001,2025-10-01,D01,CC101,A210,106139.42
20251001,2025-10-01,D01,CC101,A300,135324.11
20251001,2025-10-01,D01,CC101,A400,76104.87
20251001,2025-10-01,D01,CC101,A500,38619.88
20251001,2025-10-01,D01,CC101,A800,57155.65
20251001,2025-10-01,D01,CC102,A100,2437375.54
20251001,2025-10-01,D01,CC102,A110,370693.0
20251001,2025-10-01,D01,CC102,A200,402232.17
20251001,2025-10-01,D01,CC102,A210,111768.11
20251001,2025-10-01,D01,CC102,A300,136774.41
20251001,2025-10-01,D01,CC102,A310,105238.51
20251001,2025-10-01,D01,CC102,A400,77825.36
20251001,2025-10-01,D01,CC102,A500,37864.43
20251001,2025-10-01,D01,CC102,A800,58515.8
20251001,2025-10-01,D02,CC201,A200,1252379.69
20251001,2025-10-01,D02,CC201,A210,313803.87
20251001,2025-10-01,D02,CC201,A300,366139.16
20251001,2025-10-01,D02,CC201,A400,206805.85
20251001,2025-10-01,D02,CC201,A500,95254.62
20251001,2025-10-01,D02,CC201,A700,8356143.99
20251001,2025-10-01,D02,CC201,A800,155765.94
20251001,2025-10-01,D02,CC202,A200,1269758.58
20251001,2025-10-01,D02,CC202,A210,308562.69
20251001,2025-10-01,D02,CC202,A300,427216.02
20251001,2025-10-01,D02,CC202,A310,293511.0
20251001,2025-10-01,D02,CC202,A400,218372.55
20251001,2025-10-01,D02,CC202,A500,110554.31
20251001,2025-10-01,D02,CC202,A700,8656368.72
20251001,2025-10-01,D02,CC202,A800,143731.53
20251001,2025-10-01,D03,CC301,A200,720352.4
20251001,2025-10-01,D03,CC301,A210,172837.31
20251001,2025-10-01,D03,CC301,A300,245711.96
20251001,2025-10-01,D03,CC301,A400,118579.88
20251001,2025-10-01,D03,CC301,A500,58123.06
20251001,2025-10-01,D03,CC301,A800,91809.04
20251001,2025-10-01,D04,CC401,A200,533490.01
20251001,2025-10-01,D04,CC401,A210,152347.8
20251001,2025-10-01,D04,CC401,A300,167213.89
20251001,2025-10-01,D04,CC401,A310,154913.4
20251001,2025-10-01,D04,CC401,A400,100850.34
20251001,2025-10-01,D04,CC401,A500,44020.79
20251001,2025-10-01,D04,CC401,A800,73246.13
20251001,2025-10-01,D05,CC501,A200,733225.36
20251001,2025-10-01,D05,CC501,A210,193872.12
20251001,2025-10-01,D05,CC501,A300,243783.66
20251001,2025-10-01,D05,CC501,A310,200458.84
20251001,2025-10-01,D05,CC501,A400,135907.88
20251001,2025-10-01,D05,CC501,A500,66726.82
20251001,2025-10-01,D05,CC501,A800,94089.35
20251001,2025-10-01,D05,CC502,A200,750054.22
20251001,2025-10-01,D05,CC502,A210,192650.66
20251001,2025-10-01,D05,CC502,A300,267986.55
20251001,2025-10-01,D05,CC502,A310,178969.84
20251001,2025-10-01,D05,CC502,A400,137566.16
20251001,2025-10-01,D05,CC502,A500,64489.35
20251001,2025-10-01,D05,CC502,A800,91767.59
20251001,2025-10-01,D06,CC601,A200,382725.37
20251001,2025-10-01,D06,CC601,A210,96627.5
20251001,2025-10-01,D06,CC601,A300,129003.16
20251001,2025-10-01,D06,CC601,A400,67359.48
20251001,2025-10-01,D06,CC601,A500,30815.31
20251001,2025-10-01,D06,CC601,A800,48856.11
20251001,2025-10-01,D07,CC701,A100,5704483.95
20251001,2025-10-01,D07,CC701,A110,837449.99
20251001,2025-10-01,D07,CC701,A200,654792.14
20251001,2025-10-01,D07,CC701,A210,142086.61
20251001,2025-10-01,D07,CC701,A310,130152.27
20251001,2025-10-01,D07,CC701,A400,103269.47
20251001,2025-10-01,D07,CC701,A500,50180.67
20251001,2025-10-01,D07,CC701,A600,253195.99
20251001,2025-10-01,D07,CC701,A800,84029.21
20251001,2025-10-01,D08,CC801,A200,889200.81
20251001,2025-10-01,D08,CC801,A210,216191.57
20251001,2025-10-01,D08,CC801,A310,214191.81
20251001,2025-10-01,D08,CC801,A400,147329.76
20251001,2025-10-01,D08,CC801,A500,66509.33
20251001,2025-10-01,D08,CC801,A700,6845957.35
20251001,2025-10-01,D08,CC801,A800,120775.15
20251001,2025-10-01,D08,CC802,A200,789505.72
20251001,2025-10-01,D08,CC802,A210,225710.51
20251001,2025-10-01,D08,CC802,A300,298484.12
20251001,2025-10-01,D08,CC802,A310,206775.68
20251001,2025-10-01,D08,CC802,A400,158084.27
20251001,2025-10-01,D08,CC802,A500,79497.09
20251001,2025-10-01,D08,CC802,A700,5724920.9
20251001,2025-10-01,D08,CC802,A800,116027.1
20251101,2025-11-01,D01,CC101,A200,463655.82
20251101,2025-11-01,D01,CC101,A210,115627.62
20251101,2025-11-01,D01,CC101,A400,76798.31
20251101,2025-11-01,D01,CC101,A500,36660.79
20251101,2025-11-01,D01,CC101,A800,57795.03
20251101,2025-11-01,D01,CC102,A100,2533938.9
20251101,2025-11-01,D01,CC102,A110,368451.32
20251101,2025-11-01,D01,CC102,A200,445867.94
20251101,2025-11-01,D01,CC102,A210,109982.78
20251101,2025-11-01,D01,CC102,A310,107819.13
20251101,2025-11-01,D01,CC102,A400,78290.91
20251101,2025-11-01,D01,CC102,A500,35048.12
20251101,2025-11-01,D01,CC102,A800,57362.01
20251101,2025-11-01,D02,CC201,A200,1092547.56
20251101,2025-11-01,D02,CC201,A210,308714.73
20251101,2025-11-01,D02,CC201,A300,446948.12
20251101,2025-11-01,D02,CC201,A310,297491.54
20251101,2025-11-01,D02,CC201,A400,205683.32
20251101,2025-11-01,D02,CC201,A500,101392.84
20251101,2025-11-01,D02,CC201,A700,9137488.03
20251101,2025-11-01,D02,CC201,A800,170714.08
20251101,2025-11-01,D02,CC202,A200,1244652.62
20251101,2025-11-01,D02,CC202,A210,271555.17
20251101,2025-11-01,D02,CC202,A300,393858.19
20251101,2025-11-01,D02,CC202,A400,207476.83
20251101,2025-11-01,D02,CC202,A500,96690.16
20251101,2025-11-01,D02,CC202,A700,8192246.46
20251101,2025-11-01,D02,CC202,A800,154764.25
20251101,2025-11-01,D03,CC301,A200,725070.97
20251101,2025-11-01,D03,CC301,A210,187805.82
20251101,2025-11-01,D03,CC301,A300,231938.45
20251101,2025-11-01,D03,CC301,A310,166282.4
20251101,2025-11-01,D03,CC301,A400,123254.18
20251101,2025-11-01,D03,CC301,A500,61386.78
20251101,2025-11-01,D03,CC301,A800,85884.56
20251101,2025-11-01,D04,CC401,A200,560706.04
20251101,2025-11-01,D04,CC401,A210,138208.61
20251101,2025-11-01,D04,CC401,A300,189641.71
20251101,2025-11-01,D04,CC401,A310,125879.48
20251101,2025-11-01,D04,CC401,A400,102689.68
20251101,2025-11-01,D04,CC401,A500,44866.31
20251101,2025-11-01,D04,CC401,A800,67534.45
20251101,2025-11-01,D05,CC501,A200,724291.83
20251101,2025-11-01,D05,CC501,A210,208504.0
20251101,2025-11-01,D05,CC501,A300,250664.58
20251101,2025-11-01,D05,CC501,A310,187952.24
20251101,2025-11-01,D05,CC501,A400,138841.67
20251101,2025-11-01,D05,CC501,A500,62107.84
20251101,2025-11-01,D05,CC501,A800,101671.22
20251101,2025-11-01,D05,CC502,A200,819377.37
20251101,2025-11-01,D05,CC502,A210,216484.33
20251101,2025-11-01,D05,CC502,A300,272552.25
20251101,2025-11-01,D05,CC502,A310,182404.91
20251101,2025-11-01,D05,CC502,A400,148615.87
20251101,2025-11-01,D05,CC502,A500,64581.18
20251101,2025-11-01,D05,CC502,A800,97827.77
20251101,2025-11-01,D06,CC601,A200,383990.95
20251101,2025-11-01,D06,CC601,A210,92918.88
20251101,2025-11-01,D06,CC601,A310,100744.21
20251101,2025-11-01,D06,CC601,A400,70841.6
20251101,2025-11-01,D06,CC601,A500,37048.57
20251101,2025-11-01,D06,CC601,A800,43424.84
20251101,2025-11-01,D07,CC701,A100,5809097.17
20251101,2025-11-01,D07,CC701,A110,865557.65
20251101,2025-11-01,D07,CC701,A200,592152.33
20251101,2025-11-01,D07,CC701,A210,141725.75
20251101,2025-11-01,D07,CC701,A300,201874.34
20251101,2025-11-01,D07,CC701,A400,112134.33
20251101,2025-11-01,D07,CC701,A500,57707.87
20251101,2025-11-01,D07,CC701,A600,256808.07
20251101,2025-11-01,D07,CC701,A800,68712.65
20251101,2025-11-01,D08,CC801,A200,849591.12
20251101,2025-11-01,D08,CC801,A210,224713.28
20251101,2025-11-01,D08,CC801,A310,216315.17
20251101,2025-11-01,D08,CC801,A400,138516.36
20251101,2025-11-01,D08,CC801,A500,67884.61
20251101,2025-11-01,D08,CC801,A700,7320278.66
20251101,2025-11-01,D08,CC801,A800,116791.94
20251101,2025-11-01,D08,CC802,A200,851656.65
20251101,2025-11-01,D08,CC802,A210,220251.26
20251101,2025-11-01,D08,CC802,A400,166303.4
20251101,2025-11-01,D08,CC802,A500,77535.03
20251101,2025-11-01,D08,CC802,A700,6247059.18
20251101,2025-11-01,D08,CC802,A800,116221.79
20251201,2025-12-01,D01,CC101,A200,420963.73
20251201,2025-12-01,D01,CC101,A210,110551.22
20251201,2025-12-01,D01,CC101,A300,159031.94
20251201,2025-12-01,D01,CC101,A400,76107.92
20251201,2025-12-01,D01,CC101,A500,35259.59
20251201,2025-12-01,D01,CC101,A800,62575.84
20251201,2025-12-01,D01,CC102,A100,2530288.28
20251201,2025-12-01,D01,CC102,A110,382442.5
20251201,2025-12-01,D01,CC102,A200,409254.89
20251201,2025-12-01,D01,CC102,A210,115926.51
20251201,2025-12-01,D01,CC102,A300,132341.35
20251201,2025-12-01,D01,CC102,A310,113739.01
20251201,2025-12-01,D01,CC102,A400,85295.54
20251201,2025-12-01,D01,CC102,A500,36591.62
20251201,2025-12-01,D01,CC102,A800,63097.78
20251201,2025-12-01,D02,CC201,A200,1216466.14
20251201,2025-12-01,D02,CC201,A210,325140.81
20251201,2025-12-01,D02,CC201,A300,420383.0
20251201,2025-12-01,D02,CC201,A310,316352.02
20251201,2025-12-01,D02,CC201,A400,210049.61
20251201,2025-12-01,D02,CC201,A500,109537.43
20251201,2025-12-01,D02,CC201,A700,8347506.93
20251201,2025-12-01,D02,CC201,A800,165950.78
20251201,2025-12-01,D02,CC202,A200,1344214.64
20251201,2025-12-01,D02,CC202,A210,319487.86
20251201,2025-12-01,D02,CC202,A300,385859.25
20251201,2025-12-01,D02,CC202,A310,310346.6
20251201,2025-12-01,D02,CC202,A400,197406.36
20251201,2025-12-01,D02,CC202,A500,104443.08
20251201,2025-12-01,D02,CC202,A700,8730706.14
20251201,2025-12-01,D02,CC202,A800,179186.45
20251201,2025-12-01,D03,CC301,A200,683036.4
20251201,2025-12-01,D03,CC301,A210,200559.09
20251201,2025-12-01,D03,CC301,A310,177819.31
20251201,2025-12-01,D03,CC301,A400,124037.06
20251201,2025-12-01,D03,CC301,A500,62317.76
20251201,2025-12-01,D03,CC301,A800,101987.26
20251201,2025-12-01,D04,CC401,A200,552068.06
20251201,2025-12-01,D04,CC401,A210,150115.38
20251201,2025-12-01,D04,CC401,A300,189555.6
20251201,2025-12-01,D04,CC401,A310,115664.05
20251201,2025-12-01,D04,CC401,A400,97192.54
20251201,2025-12-01,D04,CC401,A500,45508.11
20251201,2025-12-01,D04,CC401,A800,66915.56
20251201,2025-12-01,D05,CC501,A200,782301.81
20251201,2025-12-01,D05,CC501,A210,206648.7
20251201,2025-12-01,D05,CC501,A300,257835.43
20251201,2025-12-01,D05,CC501,A310,194594.64
20251201,2025-12-01,D05,CC501,A400,147370.12
20251201,2025-12-01,D05,CC501,A500,65001.0
20251201,2025-12-01,D05,CC501,A800,101126.79
20251201,2025-12-01,D05,CC502,A200,790798.16
20251201,2025-12-01,D05,CC502,A210,204803.15
20251201,2025-12-01,D05,CC502,A300,249169.75
20251201,2025-12-01,D05,CC502,A310,179133.18
20251201,2025-12-01,D05,CC502,A400,136321.12
20251201,2025-12-01,D05,CC502,A500,67261.37
20251201,2025-12-01,D05,CC502,A800,90757.67
20251201,2025-12-01,D06,CC601,A200,357622.07
20251201,2025-12-01,D06,CC601,A210,97114.17
20251201,2025-12-01,D06,CC601,A310,97289.84
20251201,2025-12-01,D06,CC601,A400,71942.02
20251201,2025-12-01,D06,CC601,A500,32455.78
20251201,2025-12-01,D06,CC601,A800,52533.42
20251201,2025-12-01,D07,CC701,A100,5470710.41
20251201,2025-12-01,D07,CC701,A110,866929.68
20251201,2025-12-01,D07,CC701,A200,599872.02
20251201,2025-12-01,D07,CC701,A210,166593.06
20251201,2025-12-01,D07,CC701,A300,200557.04
20251201,2025-12-01,D07,CC701,A310,160399.85
20251201,2025-12-01,D07,CC701,A400,114884.44
20251201,2025-12-01,D07,CC701,A500,52448.79
20251201,2025-12-01,D07,CC701,A600,266824.44
20251201,2025-12-01,D07,CC701,A800,83274.58
20251201,2025-12-01,D08,CC801,A200,893651.05
20251201,2025-12-01,D08,CC801,A210,216755.53
20251201,2025-12-01,D08,CC801,A400,161836.99
20251201,2025-12-01,D08,CC801,A500,65991.77
20251201,2025-12-01,D08,CC801,A700,6673492.55
20251201,2025-12-01,D08,CC801,A800,112931.59
20251201,2025-12-01,D08,CC802,A200,860132.7
20251201,2025-12-01,D08,CC802,A210,205819.48
20251201,2025-12-01,D08,CC802,A300,285296.68
20251201,2025-12-01,D08,CC802,A310,209107.02
20251201,2025-12-01,D08,CC802,A400,165282.67
20251201,2025-12-01,D08,CC802,A500,78835.95
20251201,2025-12-01,D08,CC802,A700,6451635.93
20251201,2025-12-01,D08,CC802,A800,111389.4
20260101,2026-01-01,D01,CC101,A200,433151.31
20260101,2026-01-01,D01,CC101,A210,109656.53
20260101,2026-01-01,D01,CC101,A310,102330.53
20260101,2026-01-01,D01,CC101,A400,76378.13
20260101,2026-01-01,D01,CC101,A500,34522.64
20260101,2026-01-01,D01,CC101,A800,58480.25
20260101,2026-01-01,D01,CC102,A100,2564729.27
20260101,2026-01-01,D01,CC102,A110,390239.04
20260101,2026-01-01,D01,CC102,A200,461266.85
20260101,2026-01-01,D01,CC102,A210,110783.81
20260101,2026-01-01,D01,CC102,A300,146155.2
20260101,2026-01-01,D01,CC102,A310,105203.76
20260101,2026-01-01,D01,CC102,A400,73102.1
20260101,2026-01-01,D01,CC102,A500,37774.64
20260101,2026-01-01,D01,CC102,A800,68789.11
20260101,2026-01-01,D02,CC201,A200,1183579.32
20260101,2026-01-01,D02,CC201,A210,293978.69
20260101,2026-01-01,D02,CC201,A300,431092.6
20260101,2026-01-01,D02,CC201,A310,279970.61
20260101,2026-01-01,D02,CC201,A400,208822.42
20260101,2026-01-01,D02,CC201,A500,111663.52
20260101,2026-01-01,D02,CC201,A700,8932085.09
20260101,2026-01-01,D02,CC201,A800,159760.64
20260101,2026-01-01,D02,CC202,A200,1218286.33
20260101,2026-01-01,D02,CC202,A210,325650.21
20260101,2026-01-01,D02,CC202,A310,320326.64
20260101,2026-01-01,D02,CC202,A400,229844.92
20260101,2026-01-01,D02,CC202,A500,107153.05
20260101,2026-01-01,D02,CC202,A700,9292117.24
20260101,2026-01-01,D02,CC202,A800,165582.56
20260101,2026-01-01,D03,CC301,A200,719694.68
20260101,2026-01-01,D03,CC301,A210,173444.86
20260101,2026-01-01,D03,CC301,A310,172244.43
20260101,2026-01-01,D03,CC301,A400,127159.26
20260101,2026-01-01,D03,CC301,A500,55546.06
20260101,2026-01-01,D03,CC301,A800,104402.15
20260101,2026-01-01,D04,CC401,A200,465092.43
20260101,2026-01-01,D04,CC401,A210,126249.83
20260101,2026-01-01,D04,CC401,A300,189009.26
20260101,2026-01-01,D04,CC401,A310,136545.98
20260101,2026-01-01,D04,CC401,A400,89083.41
20260101,2026-01-01,D04,CC401,A500,48058.82
20260101,2026-01-01,D04,CC401,A800,78498.09
20260101,2026-01-01,D05,CC501,A200,787594.02
20260101,2026-01-01,D05,CC501,A210,208223.99
20260101,2026-01-01,D05,CC501,A300,255110.29
20260101,2026-01-01,D05,CC501,A310,181395.32
20260101,2026-01-01,D05,CC501,A400,117084.02
20260101,2026-01-01,D05,CC501,A500,63122.95
20260101,2026-01-01,D05,CC501,A800,109706.36
20260101,2026-01-01,D05,CC502,A200,707858.58
20260101,2026-01-01,D05,CC502,A210,202640.55
20260101,2026-01-01,D05,CC502,A300,287487.3
20260101,2026-01-01,D05,CC502,A310,198461.71
20260101,2026-01-01,D05,CC502,A400,148379.81
20260101,2026-01-01,D05,CC502,A500,65751.91
20260101,2026-01-01,D05,CC502,A800,96505.78
20260101,2026-01-01,D06,CC601,A200,333863.18
20260101,2026-01-01,D06,CC601,A210,101561.9
20260101,2026-01-01,D06,CC601,A310,99447.97
20260101,2026-01-01,D06,CC601,A400,70791.77
20260101,2026-01-01,D06,CC601,A500,31511.17
20260101,2026-01-01,D06,CC601,A800,51948.2
20260101,2026-01-01,D07,CC701,A100,6042664.76
20260101,2026-01-01,D07,CC701,A110,924372.71
20260101,2026-01-01,D07,CC701,A200,545113.93
20260101,2026-01-01,D07,CC701,A210,145483.02
20260101,2026-01-01,D07,CC701,A310,137382.78
20260101,2026-01-01,D07,CC701,A400,108072.72
20260101,2026-01-01,D07,CC701,A500,53426.14
20260101,2026-01-01,D07,CC701,A600,263968.08
20260101,2026-01-01,D07,CC701,A800,76115.2
20260101,2026-01-01,D08,CC801,A200,830516.99
20260101,2026-01-01,D08,CC801,A210,224734.6
20260101,2026-01-01,D08,CC801,A300,315833.37
20260101,2026-01-01,D08,CC801,A310,197313.94
20260101,2026-01-01,D08,CC801,A400,143585.54
20260101,2026-01-01,D08,CC801,A500,80879.36
20260101,2026-01-01,D08,CC801,A700,5582330.87
20260101,2026-01-01,D08,CC801,A800,104632.61
20260101,2026-01-01,D08,CC802,A200,795912.45
20260101,2026-01-01,D08,CC802,A210,213565.52
20260101,2026-01-01,D08,CC802,A300,304168.2
20260101,2026-01-01,D08,CC802,A310,212596.95
20260101,2026-01-01,D08,CC802,A400,151943.26
20260101,2026-01-01,D08,CC802,A500,71278.05
20260101,2026-01-01,D08,CC802,A700,7021362.13
20260101,2026-01-01,D08,CC802,A800,110485.62
20260201,2026-02-01,D01,CC101,A200,395055.86
20260201,2026-02-01,D01,CC101,A210,120506.14
20260201,2026-02-01,D01,CC101,A300,154608.3
20260201,2026-02-01,D01,CC101,A310,104890.31
20260201,2026-02-01,D01,CC101,A400,81794.52
20260201,2026-02-01,D01,CC101,A500,38874.38
20260201,2026-02-01,D01,CC101,A800,60134.81
20260201,2026-02-01,D01,CC102,A100,2719504.75
20260201,2026-02-01,D01,CC102,A110,418820.17
20260201,2026-02-01,D01,CC102,A200,448386.66
20260201,2026-02-01,D01,CC102,A210,111215.05
20260201,2026-02-01,D01,CC102,A300,156861.12
20260201,2026-02-01,D01,CC102,A310,104525.74
20260201,2026-02-01,D01,CC102,A400,80969.21
20260201,2026-02-01,D01,CC102,A500,39611.31
20260201,2026-02-01,D01,CC102,A800,62224.73
20260201,2026-02-01,D02,CC201,A200,1243992.53
20260201,2026-02-01,D02,CC201,A210,316998.22
20260201,2026-02-01,D02,CC201,A300,407598.11
20260201,2026-02-01,D02,CC201,A310,272812.59
20260201,2026-02-01,D02,CC201,A400,218682.68
20260201,2026-02-01,D02,CC201,A500,104984.69
20260201,2026-02-01,D02,CC201,A700,8504879.96
20260201,2026-02-01,D02,CC201,A800,168911.68
20260201,2026-02-01,D02,CC202,A200,1121946.98
20260201,2026-02-01,D02,CC202,A210,313162.48
20260201,2026-02-01,D02,CC202,A310,287291.05
20260201,2026-02-01,D02,CC202,A400,203200.67
20260201,2026-02-01,D02,CC202,A500,102737.1
20260201,2026-02-01,D02,CC202,A700,8207242.91
20260201,2026-02-01,D02,CC202,A800,165765.24
20260201,2026-02-01,D03,CC301,A200,674212.6
20260201,2026-02-01,D03,CC301,A210,180324.64
20260201,2026-02-01,D03,CC301,A300,247966.34
20260201,2026-02-01,D03,CC301,A310,186980.46
20260201,2026-02-01,D03,CC301,A400,140122.91
20260201,2026-02-01,D03,CC301,A500,67807.15
20260201,2026-02-01,D03,CC301,A800,89565.66
20260201,2026-02-01,D04,CC401,A200,562565.29
20260201,2026-02-01,D04,CC401,A210,139415.4
20260201,2026-02-01,D04,CC401,A300,157688.61
20260201,2026-02-01,D04,CC401,A400,99691.62
20260201,2026-02-01,D04,CC401,A500,43616.72
20260201,2026-02-01,D04,CC401,A800,71873.3
20260201,2026-02-01,D05,CC501,A200,720416.18
20260201,2026-02-01,D05,CC501,A210,181257.47
20260201,2026-02-01,D05,CC501,A300,274128.97
20260201,2026-02-01,D05,CC501,A310,190835.54
20260201,2026-02-01,D05,CC501,A400,129427.41
20260201,2026-02-01,D05,CC501,A500,64467.53
20260201,2026-02-01,D05,CC501,A800,101212.07
20260201,2026-02-01,D05,CC502,A200,697019.91
20260201,2026-02-01,D05,CC502,A210,197682.63
20260201,2026-02-01,D05,CC502,A300,296240.15
20260201,2026-02-01,D05,CC502,A310,188095.12
20260201,2026-02-01,D05,CC502,A400,136597.24
20260201,2026-02-01,D05,CC502,A500,62758.52
20260201,2026-02-01,D05,CC502,A800,105837.08
20260201,2026-02-01,D06,CC601,A200,326453.97
20260201,2026-02-01,D06,CC601,A210,91015.74
20260201,2026-02-01,D06,CC601,A300,118457.42
20260201,2026-02-01,D06,CC601,A310,95066.22
20260201,2026-02-01,D06,CC601,A400,59485.69
20260201,2026-02-01,D06,CC601,A500,32393.9
20260201,2026-02-01,D06,CC601,A800,46812.21
20260201,2026-02-01,D07,CC701,A100,5749321.38
20260201,2026-02-01,D07,CC701,A110,927016.05
20260201,2026-02-01,D07,CC701,A200,612805.48
20260201,2026-02-01,D07,CC701,A210,169249.95
20260201,2026-02-01,D07,CC701,A300,195478.86
20260201,2026-02-01,D07,CC701,A400,105588.51
20260201,2026-02-01,D07,CC701,A500,54125.33
20260201,2026-02-01,D07,CC701,A600,244240.34
20260201,2026-02-01,D07,CC701,A800,73062.26
20260201,2026-02-01,D08,CC801,A200,799519.49
20260201,2026-02-01,D08,CC801,A210,217247.51
20260201,2026-02-01,D08,CC801,A400,155365.32
20260201,2026-02-01,D08,CC801,A500,80654.93
20260201,2026-02-01,D08,CC801,A700,6212723.17
20260201,2026-02-01,D08,CC801,A800,111263.88
20260201,2026-02-01,D08,CC802,A200,923364.47
20260201,2026-02-01,D08,CC802,A210,210902.41
20260201,2026-02-01,D08,CC802,A300,296898.64
20260201,2026-02-01,D08,CC802,A310,200560.88
20260201,2026-02-01,D08,CC802,A400,168337.96
20260201,2026-02-01,D08,CC802,A500,79936.89
20260201,2026-02-01,D08,CC802,A700,6362110.76
20260201,2026-02-01,D08,CC802,A800,116896.99
20260301,2026-03-01,D01,CC101,A200,406346.76
20260301,2026-03-01,D01,CC101,A210,105591.48
20260301,2026-03-01,D01,CC101,A300,156039.38
20260301,2026-03-01,D01,CC101,A310,115783.15
20260301,2026-03-01,D01,CC101,A400,80092.26
20260301,2026-03-01,D01,CC101,A500,37761.63
20260301,2026-03-01,D01,CC101,A800,56574.34
20260301,2026-03-01,D01,CC102,A100,2749712.43
20260301,2026-03-01,D01,CC102,A110,400540.46
20260301,2026-03-01,D01,CC102,A200,501936.51
20260301,2026-03-01,D01,CC102,A210,109288.84
20260301,2026-03-01,D01,CC102,A300,150932.73
20260301,2026-03-01,D01,CC102,A400,74983.03
20260301,2026-03-01,D01,CC102,A500,35770.96
20260301,2026-03-01,D01,CC102,A800,55937.6
20260301,2026-03-01,D02,CC201,A200,1125348.38
20260301,2026-03-01,D02,CC201,A210,300228.24
20260301,2026-03-01,D02,CC201,A400,220804.59
20260301,2026-03-01,D02,CC201,A500,101845.13
20260301,2026-03-01,D02,CC201,A700,9151259.92
20260301,2026-03-01,D02,CC201,A800,153617.31
20260301,2026-03-01,D02,CC202,A200,1182090.0
20260301,2026-03-01,D02,CC202,A210,293814.84
20260301,2026-03-01,D02,CC202,A300,397172.76
20260301,2026-03-01,D02,CC202,A400,231581.05
20260301,2026-03-01,D02,CC202,A500,113120.78
20260301,2026-03-01,D02,CC202,A700,8940479.81
20260301,2026-03-01,D02,CC202,A800,179232.52
20260301,2026-03-01,D03,CC301,A200,721644.86
20260301,2026-03-01,D03,CC301,A210,187828.76
20260301,2026-03-01,D03,CC301,A300,239119.64
20260301,2026-03-01,D03,CC301,A310,177860.44
20260301,2026-03-01,D03,CC301,A400,130967.31
20260301,2026-03-01,D03,CC301,A500,59078.04
20260301,2026-03-01,D03,CC301,A800,85552.41
20260301,2026-03-01,D04,CC401,A200,539218.19
20260301,2026-03-01,D04,CC401,A210,134002.8
20260301,2026-03-01,D04,CC401,A300,205491.81
20260301,2026-03-01,D04,CC401,A310,133765.72
20260301,2026-03-01,D04,CC401,A400,100371.78
20260301,2026-03-01,D04,CC401,A500,44596.21
20260301,2026-03-01,D04,CC401,A800,74055.72
20260301,2026-03-01,D05,CC501,A200,779489.24
20260301,2026-03-01,D05,CC501,A210,200643.59
20260301,2026-03-01,D05,CC501,A300,257559.37
20260301,2026-03-01,D05,CC501,A310,194707.46
20260301,2026-03-01,D05,CC501,A400,148227.37
20260301,2026-03-01,D05,CC501,A500,64552.26
20260301,2026-03-01,D05,CC501,A800,97916.67
20260301,2026-03-01,D05,CC502,A200,729470.34
20260301,2026-03-01,D05,CC502,A210,186666.33
20260301,2026-03-01,D05,CC502,A300,265172.4
20260301,2026-03-01,D05,CC502,A310,180306.54
20260301,2026-03-01,D05,CC502,A400,130159.95
20260301,2026-03-01,D05,CC502,A500,69762.87
20260301,2026-03-01,D05,CC502,A800,93965.26
20260301,2026-03-01,D06,CC601,A200,378762.25
20260301,2026-03-01,D06,CC601,A210,89115.22
20260301,2026-03-01,D06,CC601,A300,130145.06
20260301,2026-03-01,D06,CC601,A400,72144.4
20260301,2026-03-01,D06,CC601,A500,32353.87
20260301,2026-03-01,D06,CC601,A800,43580.92
20260301,2026-03-01,D07,CC701,A100,5708343.77
20260301,2026-03-01,D07,CC701,A110,906752.1
20260301,2026-03-01,D07,CC701,A200,628176.02
20260301,2026-03-01,D07,CC701,A210,158229.57
20260301,2026-03-01,D07,CC701,A300,220537.28
20260301,2026-03-01,D07,CC701,A310,148401.96
20260301,2026-03-01,D07,CC701,A400,111412.82
20260301,2026-03-01,D07,CC701,A500,53090.58
20260301,2026-03-01,D07,CC701,A600,256629.85
20260301,2026-03-01,D07,CC701,A800,82820.84
20260301,2026-03-01,D08,CC801,A200,913461.67
20260301,2026-03-01,D08,CC801,A210,233955.28
20260301,2026-03-01,D08,CC801,A300,317105.7
20260301,2026-03-01,D08,CC801,A400,160495.0
20260301,2026-03-01,D08,CC801,A500,81919.41
20260301,2026-03-01,D08,CC801,A700,7130958.8
20260301,2026-03-01,D08,CC801,A800,110654.14
20260301,2026-03-01,D08,CC802,A200,879132.62
20260301,2026-03-01,D08,CC802,A210,214207.89
20260301,2026-03-01,D08,CC802,A300,299008.35
20260301,2026-03-01,D08,CC802,A310,216528.64
20260301,2026-03-01,D08,CC802,A400,167957.86
20260301,2026-03-01,D08,CC802,A500,75114.47
20260301,2026-03-01,D08,CC802,A700,6061034.13
20260301,2026-03-01,D08,CC802,A800,121704.2
20260401,2026-04-01,D01,CC101,A200,447805.18
20260401,2026-04-01,D01,CC101,A210,108577.49
20260401,2026-04-01,D01,CC101,A300,146840.41
20260401,2026-04-01,D01,CC101,A400,78394.37
20260401,2026-04-01,D01,CC101,A500,40975.75
20260401,2026-04-01,D01,CC101,A800,56339.69
20260401,2026-04-01,D01,CC102,A100,2686193.35
20260401,2026-04-01,D01,CC102,A110,433645.71
20260401,2026-04-01,D01,CC102,A200,360296.28
20260401,2026-04-01,D01,CC102,A210,119934.51
20260401,2026-04-01,D01,CC102,A300,151572.8
20260401,2026-04-01,D01,CC102,A310,108837.29
20260401,2026-04-01,D01,CC102,A400,74685.73
20260401,2026-04-01,D01,CC102,A500,40686.34
20260401,2026-04-01,D01,CC102,A800,53678.6
20260401,2026-04-01,D02,CC201,A200,1193350.93
20260401,2026-04-01,D02,CC201,A210,296953.94
20260401,2026-04-01,D02,CC201,A300,375709.45
20260401,2026-04-01,D02,CC201,A310,305325.97
20260401,2026-04-01,D02,CC201,A400,223458.34
20260401,2026-04-01,D02,CC201,A500,107453.87
20260401,2026-04-01,D02,CC201,A700,9199440.41
20260401,2026-04-01,D02,CC201,A800,150529.25
20260401,2026-04-01,D02,CC202,A200,1216018.37
20260401,2026-04-01,D02,CC202,A210,323641.94
20260401,2026-04-01,D02,CC202,A300,379175.91
20260401,2026-04-01,D02,CC202,A310,274841.9
20260401,2026-04-01,D02,CC202,A400,215583.18
20260401,2026-04-01,D02,CC202,A500,95873.52
20260401,2026-04-01,D02,CC202,A700,8680028.95
20260401,2026-04-01,D02,CC202,A800,167915.26
20260401,2026-04-01,D03,CC301,A200,752417.5
20260401,2026-04-01,D03,CC301,A210,191193.48
20260401,2026-04-01,D03,CC301,A300,243622.29
20260401,2026-04-01,D03,CC301,A310,174427.56
20260401,2026-04-01,D03,CC301,A400,125815.04
20260401,2026-04-01,D03,CC301,A500,63438.59
20260401,2026-04-01,D03,CC301,A800,89359.8
20260401,2026-04-01,D04,CC401,A200,568016.32
20260401,2026-04-01,D04,CC401,A210,136543.09
20260401,2026-04-01,D04,CC401,A310,119321.56
20260401,2026-04-01,D04,CC401,A400,85491.77
20260401,2026-04-01,D04,CC401,A500,47052.2
20260401,2026-04-01,D04,CC401,A800,68211.4
20260401,2026-04-01,D05,CC501,A200,790282.82
20260401,2026-04-01,D05,CC501,A210,216165.03
20260401,2026-04-01,D05,CC501,A300,279221.29
20260401,2026-04-01,D05,CC501,A310,199762.05
20260401,2026-04-01,D05,CC501,A400,127277.85
20260401,2026-04-01,D05,CC501,A500,65307.22
20260401,2026-04-01,D05,CC501,A800,110799.27
20260401,2026-04-01,D05,CC502,A200,699643.84
20260401,2026-04-01,D05,CC502,A210,164325.72
20260401,2026-04-01,D05,CC502,A300,261044.77
20260401,2026-04-01,D05,CC502,A310,191187.64
20260401,2026-04-01,D05,CC502,A400,131281.8
20260401,2026-04-01,D05,CC502,A500,60335.33
20260401,2026-04-01,D05,CC502,A800,97159.35
20260401,2026-04-01,D06,CC601,A200,363989.2
20260401,2026-04-01,D06,CC601,A210,97660.41
20260401,2026-04-01,D06,CC601,A300,128333.85
20260401,2026-04-01,D06,CC601,A400,75138.1
20260401,2026-04-01,D06,CC601,A500,30773.73
20260401,2026-04-01,D06,CC601,A800,53527.24
20260401,2026-04-01,D07,CC701,A100,5648107.83
20260401,2026-04-01,D07,CC701,A110,898456.31
20260401,2026-04-01,D07,CC701,A200,575558.33
20260401,2026-04-01,D07,CC701,A210,147507.66
20260401,2026-04-01,D07,CC701,A300,216827.83
20260401,2026-04-01,D07,CC701,A400,112594.7
20260401,2026-04-01,D07,CC701,A500,53467.35
20260401,2026-04-01,D07,CC701,A600,267271.83
20260401,2026-04-01,D07,CC701,A800,81128.78
20260401,2026-04-01,D08,CC801,A200,820725.94
20260401,2026-04-01,D08,CC801,A210,219324.93
20260401,2026-04-01,D08,CC801,A300,309549.35
20260401,2026-04-01,D08,CC801,A400,167624.59
20260401,2026-04-01,D08,CC801,A500,76078.31
20260401,2026-04-01,D08,CC801,A700,6730877.64
20260401,2026-04-01,D08,CC801,A800,125390.91
20260401,2026-04-01,D08,CC802,A200,909320.77
20260401,2026-04-01,D08,CC802,A210,245292.13
20260401,2026-04-01,D08,CC802,A310,216340.97
20260401,2026-04-01,D08,CC802,A400,159918.58
20260401,2026-04-01,D08,CC802,A500,69748.57
20260401,2026-04-01,D08,CC802,A700,6221980.37
20260401,2026-04-01,D08,CC802,A800,122475.21
20260501,2026-05-01,D01,CC101,A200,420018.49
20260501,2026-05-01,D01,CC101,A210,117954.01
20260501,2026-05-01,D01,CC101,A310,110676.22
20260501,2026-05-01,D01,CC101,A400,78489.72
20260501,2026-05-01,D01,CC101,A500,37515.93
20260501,2026-05-01,D01,CC101,A800,57782.76
20260501,2026-05-01,D01,CC102,A100,2670838.36
20260501,2026-05-01,D01,CC102,A110,377147.0
20260501,2026-05-01,D01,CC102,A200,437459.54
20260501,2026-05-01,D01,CC102,A210,110057.11
20260501,2026-05-01,D01,CC102,A400,83041.73
20260501,2026-05-01,D01,CC102,A500,36751.71
20260501,2026-05-01,D01,CC102,A800,57858.89
20260501,2026-05-01,D02,CC201,A200,1138517.85
20260501,2026-05-01,D02,CC201,A210,304387.1
20260501,2026-05-01,D02,CC201,A400,216826.6
20260501,2026-05-01,D02,CC201,A500,103088.9
20260501,2026-05-01,D02,CC201,A700,8738883.67
20260501,2026-05-01,D02,CC201,A800,174043.82
20260501,2026-05-01,D02,CC202,A200,1197070.64
20260501,2026-05-01,D02,CC202,A210,317571.19
20260501,2026-05-01,D02,CC202,A300,393063.35
20260501,2026-05-01,D02,CC202,A310,275852.65
20260501,2026-05-01,D02,CC202,A400,213209.4
20260501,2026-05-01,D02,CC202,A500,114511.16
20260501,2026-05-01,D02,CC202,A700,9097227.77
20260501,2026-05-01,D02,CC202,A800,171323.36
20260501,2026-05-01,D03,CC301,A200,688325.08
20260501,2026-05-01,D03,CC301,A210,184773.26
20260501,2026-05-01,D03,CC301,A300,249664.07
20260501,2026-05-01,D03,CC301,A310,196620.12
20260501,2026-05-01,D03,CC301,A400,110192.28
20260501,2026-05-01,D03,CC301,A500,57113.58
20260501,2026-05-01,D03,CC301,A800,96314.24
20260501,2026-05-01,D04,CC401,A200,509262.26
20260501,2026-05-01,D04,CC401,A210,155275.94
20260501,2026-05-01,D04,CC401,A300,177730.25
20260501,2026-05-01,D04,CC401,A310,134276.76
20260501,2026-05-01,D04,CC401,A400,94304.14
20260501,2026-05-01,D04,CC401,A500,44055.88
20260501,2026-05-01,D04,CC401,A800,74151.69
20260501,2026-05-01,D05,CC501,A200,846068.57
20260501,2026-05-01,D05,CC501,A210,191191.33
20260501,2026-05-01,D05,CC501,A300,261912.18
20260501,2026-05-01,D05,CC501,A310,175663.34
20260501,2026-05-01,D05,CC501,A400,134442.1
20260501,2026-05-01,D05,CC501,A500,69378.7
20260501,2026-05-01,D05,CC501,A800,98501.95
20260501,2026-05-01,D05,CC502,A200,830605.89
20260501,2026-05-01,D05,CC502,A210,208019.49
20260501,2026-05-01,D05,CC502,A300,267081.9
20260501,2026-05-01,D05,CC502,A310,194340.17
20260501,2026-05-01,D05,CC502,A400,128000.46
20260501,2026-05-01,D05,CC502,A500,67692.4
20260501,2026-05-01,D05,CC502,A800,105756.54
20260501,2026-05-01,D06,CC601,A200,386703.89
20260501,2026-05-01,D06,CC601,A210,86745.46
20260501,2026-05-01,D06,CC601,A300,134369.53
20260501,2026-05-01,D06,CC601,A310,84814.76
20260501,2026-05-01,D06,CC601,A400,67753.87
20260501,2026-05-01,D06,CC601,A500,33663.58
20260501,2026-05-01,D06,CC601,A800,48532.69
20260501,2026-05-01,D07,CC701,A100,5411679.98
20260501,2026-05-01,D07,CC701,A110,927476.93
20260501,2026-05-01,D07,CC701,A200,597964.77
20260501,2026-05-01,D07,CC701,A210,151208.45
20260501,2026-05-01,D07,CC701,A310,141321.48
20260501,2026-05-01,D07,CC701,A400,106666.61
20260501,2026-05-01,D07,CC701,A500,48657.77
20260501,2026-05-01,D07,CC701,A600,269186.97
20260501,2026-05-01,D07,CC701,A800,84794.26
20260501,2026-05-01,D08,CC801,A200,837688.18
20260501,2026-05-01,D08,CC801,A210,227165.89
20260501,2026-05-01,D08,CC801,A310,212629.54
20260501,2026-05-01,D08,CC801,A400,159183.04
20260501,2026-05-01,D08,CC801,A500,74726.46
20260501,2026-05-01,D08,CC801,A700,7145058.29
20260501,2026-05-01,D08,CC801,A800,113296.5
20260501,2026-05-01,D08,CC802,A200,918303.04
20260501,2026-05-01,D08,CC802,A210,199167.05
20260501,2026-05-01,D08,CC802,A300,328791.8
20260501,2026-05-01,D08,CC802,A400,159193.36
20260501,2026-05-01,D08,CC802,A500,84418.19
20260501,2026-05-01,D08,CC802,A700,7143823.09
20260501,2026-05-01,D08,CC802,A800,113787.92
20260601,2026-06-01,D01,CC101,A200,453475.96
20260601,2026-06-01,D01,CC101,A210,115900.39
20260601,2026-06-01,D01,CC101,A310,116620.06
20260601,2026-06-01,D01,CC101,A400,72224.64
20260601,2026-06-01,D01,CC101,A500,37968.29
20260601,2026-06-01,D01,CC101,A800,58587.4
20260601,2026-06-01,D01,CC102,A100,2589198.93
20260601,2026-06-01,D01,CC102,A110,390468.91
20260601,2026-06-01,D01,CC102,A200,414354.05
20260601,2026-06-01,D01,CC102,A210,117670.25
20260601,2026-06-01,D01,CC102,A310,115947.24
20260601,2026-06-01,D01,CC102,A400,77880.28
20260601,2026-06-01,D01,CC102,A500,32787.07
20260601,2026-06-01,D01,CC102,A800,57721.24
20260601,2026-06-01,D02,CC201,A200,1159940.32
20260601,2026-06-01,D02,CC201,A210,294255.48
20260601,2026-06-01,D02,CC201,A310,309771.19
20260601,2026-06-01,D02,CC201,A400,241633.24
20260601,2026-06-01,D02,CC201,A500,97285.28
20260601,2026-06-01,D02,CC201,A700,9502244.82
20260601,2026-06-01,D02,CC201,A800,141058.54
20260601,2026-06-01,D02,CC202,A200,1169485.23
20260601,2026-06-01,D02,CC202,A210,336683.33
20260601,2026-06-01,D02,CC202,A300,396529.23
20260601,2026-06-01,D02,CC202,A400,227859.06
20260601,2026-06-01,D02,CC202,A500,101018.47
20260601,2026-06-01,D02,CC202,A700,10325899.52
20260601,2026-06-01,D02,CC202,A800,178816.66
20260601,2026-06-01,D03,CC301,A200,607984.07
20260601,2026-06-01,D03,CC301,A210,172161.42
20260601,2026-06-01,D03,CC301,A300,259443.47
20260601,2026-06-01,D03,CC301,A310,197557.61
20260601,2026-06-01,D03,CC301,A400,129821.68
20260601,2026-06-01,D03,CC301,A500,62885.52
20260601,2026-06-01,D03,CC301,A800,95152.23
20260601,2026-06-01,D04,CC401,A200,545427.64
20260601,2026-06-01,D04,CC401,A210,137250.66
20260601,2026-06-01,D04,CC401,A300,187112.15
20260601,2026-06-01,D04,CC401,A310,139882.13
20260601,2026-06-01,D04,CC401,A400,97937.91
20260601,2026-06-01,D04,CC401,A500,42845.37
20260601,2026-06-01,D04,CC401,A800,74986.9
20260601,2026-06-01,D05,CC501,A200,870454.39
20260601,2026-06-01,D05,CC501,A210,192325.09
20260601,2026-06-01,D05,CC501,A300,258020.17
20260601,2026-06-01,D05,CC501,A310,185499.79
20260601,2026-06-01,D05,CC501,A400,139682.95
20260601,2026-06-01,D05,CC501,A500,71152.86
20260601,2026-06-01,D05,CC501,A800,91904.45
20260601,2026-06-01,D05,CC502,A200,804521.55
20260601,2026-06-01,D05,CC502,A210,196134.3
20260601,2026-06-01,D05,CC502,A300,261224.15
20260601,2026-06-01,D05,CC502,A310,181662.4
20260601,2026-06-01,D05,CC502,A400,132793.52
20260601,2026-06-01,D05,CC502,A500,70951.25
20260601,2026-06-01,D05,CC502,A800,104596.12
20260601,2026-06-01,D06,CC601,A200,415885.14
20260601,2026-06-01,D06,CC601,A210,99838.22
20260601,2026-06-01,D06,CC601,A300,136559.63
20260601,2026-06-01,D06,CC601,A310,90250.38
20260601,2026-06-01,D06,CC601,A400,76617.42
20260601,2026-06-01,D06,CC601,A500,34053.72
20260601,2026-06-01,D06,CC601,A800,48881.24
20260601,2026-06-01,D07,CC701,A100,5429637.16
20260601,2026-06-01,D07,CC701,A110,794221.46
20260601,2026-06-01,D07,CC701,A200,552602.64
20260601,2026-06-01,D07,CC701,A210,145643.91
20260601,2026-06-01,D07,CC701,A310,145972.16
20260601,2026-06-01,D07,CC701,A400,109675.05
20260601,2026-06-01,D07,CC701,A500,53447.65
20260601,2026-06-01,D07,CC701,A600,264786.9
20260601,2026-06-01,D07,CC701,A800,84412.4
20260601,2026-06-01,D08,CC801,A200,884021.32
20260601,2026-06-01,D08,CC801,A210,213652.35
20260601,2026-06-01,D08,CC801,A310,198845.84
20260601,2026-06-01,D08,CC801,A400,161287.74
20260601,2026-06-01,D08,CC801,A500,73808.5
20260601,2026-06-01,D08,CC801,A700,6263265.31
20260601,2026-06-01,D08,CC801,A800,118552.24
20260601,2026-06-01,D08,CC802,A200,904330.91
20260601,2026-06-01,D08,CC802,A210,221117.89
20260601,2026-06-01,D08,CC802,A300,275752.72
20260601,2026-06-01,D08,CC802,A310,210994.11
20260601,2026-06-01,D08,CC802,A400,167926.76
20260601,2026-06-01,D08,CC802,A500,75073.14
20260601,2026-06-01,D08,CC802,A700,6526322.06
20260601,2026-06-01,D08,CC802,A800,114425.8
20260701,2026-07-01,D01,CC101,A200,426371.78
20260701,2026-07-01,D01,CC101,A210,105319.17
20260701,2026-07-01,D01,CC101,A300,151567.08
20260701,2026-07-01,D01,CC101,A400,84559.07
20260701,2026-07-01,D01,CC101,A500,34823.66
20260701,2026-07-01,D01,CC101,A800,57014.3
20260701,2026-07-01,D01,CC102,A100,2413410.31
20260701,2026-07-01,D01,CC102,A110,395519.85
20260701,2026-07-01,D01,CC102,A200,420401.18
20260701,2026-07-01,D01,CC102,A210,123120.99
20260701,2026-07-01,D01,CC102,A300,138599.87
20260701,2026-07-01,D01,CC102,A400,77379.55
20260701,2026-07-01,D01,CC102,A500,35604.35
20260701,2026-07-01,D01,CC102,A800,56532.79
20260701,2026-07-01,D02,CC201,A200,1201648.67
20260701,2026-07-01,D02,CC201,A210,300389.62
20260701,2026-07-01,D02,CC201,A300,434442.43
20260701,2026-07-01,D02,CC201,A310,320087.71
20260701,2026-07-01,D02,CC201,A400,221394.33
20260701,2026-07-01,D02,CC201,A500,107922.03
20260701,2026-07-01,D02,CC201,A700,8840723.24
20260701,2026-07-01,D02,CC201,A800,153398.96
20260701,2026-07-01,D02,CC202,A200,1105243.04
20260701,2026-07-01,D02,CC202,A210,362139.55
20260701,2026-07-01,D02,CC202,A300,399775.35
20260701,2026-07-01,D02,CC202,A310,305682.11
20260701,2026-07-01,D02,CC202,A400,231615.0
20260701,2026-07-01,D02,CC202,A500,104716.97
20260701,2026-07-01,D02,CC202,A700,9292086.26
20260701,2026-07-01,D02,CC202,A800,163187.71
20260701,2026-07-01,D03,CC301,A200,714104.09
20260701,2026-07-01,D03,CC301,A210,177391.38
20260701,2026-07-01,D03,CC301,A300,223077.28
20260701,2026-07-01,D03,CC301,A400,140090.98
20260701,2026-07-01,D03,CC301,A500,66021.35
20260701,2026-07-01,D03,CC301,A800,94043.91
20260701,2026-07-01,D04,CC401,A200,581138.17
20260701,2026-07-01,D04,CC401,A210,150820.39
20260701,2026-07-01,D04,CC401,A310,133545.79
20260701,2026-07-01,D04,CC401,A400,103316.58
20260701,2026-07-01,D04,CC401,A500,46369.86
20260701,2026-07-01,D04,CC401,A800,75354.93
20260701,2026-07-01,D05,CC501,A200,822618.79
20260701,2026-07-01,D05,CC501,A210,202022.96
20260701,2026-07-01,D05,CC501,A300,278838.68
20260701,2026-07-01,D05,CC501,A310,190036.76
20260701,2026-07-01,D05,CC501,A400,135782.36
20260701,2026-07-01,D05,CC501,A500,59544.91
20260701,2026-07-01,D05,CC501,A800,107578.49
20260701,2026-07-01,D05,CC502,A200,706310.86
20260701,2026-07-01,D05,CC502,A210,196360.27
20260701,2026-07-01,D05,CC502,A300,273500.11
20260701,2026-07-01,D05,CC502,A310,162340.65
20260701,2026-07-01,D05,CC502,A400,137007.85
20260701,2026-07-01,D05,CC502,A500,71100.51
20260701,2026-07-01,D05,CC502,A800,99070.94
20260701,2026-07-01,D06,CC601,A200,384454.93
20260701,2026-07-01,D06,CC601,A210,90974.43
20260701,2026-07-01,D06,CC601,A300,126488.07
20260701,2026-07-01,D06,CC601,A310,101995.81
20260701,2026-07-01,D06,CC601,A400,67095.76
20260701,2026-07-01,D06,CC601,A500,32677.46
20260701,2026-07-01,D06,CC601,A800,52992.07
20260701,2026-07-01,D07,CC701,A100,5503367.37
20260701,2026-07-01,D07,CC701,A110,889554.59
20260701,2026-07-01,D07,CC701,A200,556762.08
20260701,2026-07-01,D07,CC701,A210,165718.11
20260701,2026-07-01,D07,CC701,A310,153128.23
20260701,2026-07-01,D07,CC701,A400,106541.26
20260701,2026-07-01,D07,CC701,A500,58856.61
20260701,2026-07-01,D07,CC701,A600,256368.67
20260701,2026-07-01,D07,CC701,A800,72436.01
20260701,2026-07-01,D08,CC801,A200,883285.2
20260701,2026-07-01,D08,CC801,A210,232818.27
20260701,2026-07-01,D08,CC801,A300,298813.21
20260701,2026-07-01,D08,CC801,A310,237880.55
20260701,2026-07-01,D08,CC801,A400,160013.31
20260701,2026-07-01,D08,CC801,A500,71267.87
20260701,2026-07-01,D08,CC801,A700,6345970.75
20260701,2026-07-01,D08,CC801,A800,123379.5
20260701,2026-07-01,D08,CC802,A200,751641.02
20260701,2026-07-01,D08,CC802,A210,227389.39
20260701,2026-07-01,D08,CC802,A300,312479.28
20260701,2026-07-01,D08,CC802,A310,238733.15
20260701,2026-07-01,D08,CC802,A400,149786.85
20260701,2026-07-01,D08,CC802,A500,77553.39
20260701,2026-07-01,D08,CC802,A700,6379809.97
20260701,2026-07-01,D08,CC802,A800,107360.64
20260801,2026-08-01,D01,CC101,A200,448426.12
20260801,2026-08-01,D01,CC101,A210,118076.96
20260801,2026-08-01,D01,CC101,A300,155368.71
20260801,2026-08-01,D01,CC101,A400,75737.74
20260801,2026-08-01,D01,CC101,A500,41612.25
20260801,2026-08-01,D01,CC101,A800,52906.95
20260801,2026-08-01,D01,CC102,A100,2426973.96
20260801,2026-08-01,D01,CC102,A110,398647.87
20260801,2026-08-01,D01,CC102,A200,416440.97
20260801,2026-08-01,D01,CC102,A210,105529.12
20260801,2026-08-01,D01,CC102,A300,141098.97
20260801,2026-08-01,D01,CC102,A310,117589.11
20260801,2026-08-01,D01,CC102,A400,85082.9
20260801,2026-08-01,D01,CC102,A500,40620.44
20260801,2026-08-01,D01,CC102,A800,66493.32
20260801,2026-08-01,D02,CC201,A200,1339679.89
20260801,2026-08-01,D02,CC201,A210,278317.9
20260801,2026-08-01,D02,CC201,A300,381455.07
20260801,2026-08-01,D02,CC201,A400,204121.26
20260801,2026-08-01,D02,CC201,A500,97330.95
20260801,2026-08-01,D02,CC201,A700,7913782.29
20260801,2026-08-01,D02,CC201,A800,163827.58
20260801,2026-08-01,D02,CC202,A200,1227390.62
20260801,2026-08-01,D02,CC202,A210,334034.51
20260801,2026-08-01,D02,CC202,A400,231737.95
20260801,2026-08-01,D02,CC202,A500,110003.46
20260801,2026-08-01,D02,CC202,A700,9131626.51
20260801,2026-08-01,D02,CC202,A800,162135.36
20260801,2026-08-01,D03,CC301,A200,728108.28
20260801,2026-08-01,D03,CC301,A210,163844.96
20260801,2026-08-01,D03,CC301,A310,184755.92
20260801,2026-08-01,D03,CC301,A400,133278.12
20260801,2026-08-01,D03,CC301,A500,65312.66
20260801,2026-08-01,D03,CC301,A800,98492.02
20260801,2026-08-01,D04,CC401,A200,532829.3
20260801,2026-08-01,D04,CC401,A210,136857.6
20260801,2026-08-01,D04,CC401,A300,192659.84
20260801,2026-08-01,D04,CC401,A400,101366.07
20260801,2026-08-01,D04,CC401,A500,46379.57
20260801,2026-08-01,D04,CC401,A800,73293.53
20260801,2026-08-01,D05,CC501,A200,714457.92
20260801,2026-08-01,D05,CC501,A210,201713.95
20260801,2026-08-01,D05,CC501,A300,244040.11
20260801,2026-08-01,D05,CC501,A310,211338.77
20260801,2026-08-01,D05,CC501,A400,139035.98
20260801,2026-08-01,D05,CC501,A500,61542.44
20260801,2026-08-01,D05,CC501,A800,103639.23
20260801,2026-08-01,D05,CC502,A200,722572.65
20260801,2026-08-01,D05,CC502,A210,180043.09
20260801,2026-08-01,D05,CC502,A300,276805.07
20260801,2026-08-01,D05,CC502,A310,181514.96
20260801,2026-08-01,D05,CC502,A400,139793.83
20260801,2026-08-01,D05,CC502,A500,70720.78
20260801,2026-08-01,D05,CC502,A800,113354.86
20260801,2026-08-01,D06,CC601,A200,420755.74
20260801,2026-08-01,D06,CC601,A210,91242.56
20260801,2026-08-01,D06,CC601,A300,145421.97
20260801,2026-08-01,D06,CC601,A400,75618.01
20260801,2026-08-01,D06,CC601,A500,33454.5
20260801,2026-08-01,D06,CC601,A800,52897.12
20260801,2026-08-01,D07,CC701,A100,5655654.44
20260801,2026-08-01,D07,CC701,A110,872516.57
20260801,2026-08-01,D07,CC701,A200,683138.5
20260801,2026-08-01,D07,CC701,A210,145163.53
20260801,2026-08-01,D07,CC701,A300,216265.25
20260801,2026-08-01,D07,CC701,A400,113371.72
20260801,2026-08-01,D07,CC701,A500,52784.46
20260801,2026-08-01,D07,CC701,A600,262621.8
20260801,2026-08-01,D07,CC701,A800,83289.87
20260801,2026-08-01,D08,CC801,A200,954491.92
20260801,2026-08-01,D08,CC801,A210,216772.27
20260801,2026-08-01,D08,CC801,A300,323852.21
20260801,2026-08-01,D08,CC801,A310,227072.74
20260801,2026-08-01,D08,CC801,A400,184613.33
20260801,2026-08-01,D08,CC801,A500,71018.22
20260801,2026-08-01,D08,CC801,A700,6315775.75
20260801,2026-08-01,D08,CC801,A800,105709.37
20260801,2026-08-01,D08,CC802,A200,734871.87
20260801,2026-08-01,D08,CC802,A210,201939.31
20260801,2026-08-01,D08,CC802,A300,317215.17
20260801,2026-08-01,D08,CC802,A400,172574.88
20260801,2026-08-01,D08,CC802,A500,81088.85
20260801,2026-08-01,D08,CC802,A700,6814409.53
20260801,2026-08-01,D08,CC802,A800,112326.59
20260901,2026-09-01,D01,CC101,A200,411029.72
20260901,2026-09-01,D01,CC101,A210,118243.18
20260901,2026-09-01,D01,CC101,A300,164409.98
20260901,2026-09-01,D01,CC101,A400,81680.69
20260901,2026-09-01,D01,CC101,A500,36007.1
20260901,2026-09-01,D01,CC101,A800,51429.02
20260901,2026-09-01,D01,CC102,A100,2575457.58
20260901,2026-09-01,D01,CC102,A110,377403.95
20260901,2026-09-01,D01,CC102,A200,487662.77
20260901,2026-09-01,D01,CC102,A210,113626.04
20260901,2026-09-01,D01,CC102,A310,114087.33
20260901,2026-09-01,D01,CC102,A400,85954.42
20260901,2026-09-01,D01,CC102,A500,39324.31
20260901,2026-09-01,D01,CC102,A800,62885.58
20260901,2026-09-01,D02,CC201,A200,1129586.8
20260901,2026-09-01,D02,CC201,A210,338687.39
20260901,2026-09-01,D02,CC201,A300,404372.89
20260901,2026-09-01,D02,CC201,A400,200624.91
20260901,2026-09-01,D02,CC201,A500,91688.33
20260901,2026-09-01,D02,CC201,A700,9752727.86
20260901,2026-09-01,D02,CC201,A800,164017.9
20260901,2026-09-01,D02,CC202,A200,1255725.25
20260901,2026-09-01,D02,CC202,A210,286741.85
20260901,2026-09-01,D02,CC202,A300,429775.89
20260901,2026-09-01,D02,CC202,A400,208818.97
20260901,2026-09-01,D02,CC202,A500,105249.91
20260901,2026-09-01,D02,CC202,A700,7646421.15
20260901,2026-09-01,D02,CC202,A800,165660.14
20260901,2026-09-01,D03,CC301,A200,703151.2
20260901,2026-09-01,D03,CC301,A210,194683.82
20260901,2026-09-01,D03,CC301,A300,252940.98
20260901,2026-09-01,D03,CC301,A310,183832.15
20260901,2026-09-01,D03,CC301,A400,140459.36
20260901,2026-09-01,D03,CC301,A500,60587.33
20260901,2026-09-01,D03,CC301,A800,95509.83
20260901,2026-09-01,D04,CC401,A200,565463.72
20260901,2026-09-01,D04,CC401,A210,139112.78
20260901,2026-09-01,D04,CC401,A310,150564.28
20260901,2026-09-01,D04,CC401,A400,96917.76
20260901,2026-09-01,D04,CC401,A500,45939.4
20260901,2026-09-01,D04,CC401,A800,73970.03
20260901,2026-09-01,D05,CC501,A200,808771.31
20260901,2026-09-01,D05,CC501,A210,184356.53
20260901,2026-09-01,D05,CC501,A300,293719.61
20260901,2026-09-01,D05,CC501,A310,187523.43
20260901,2026-09-01,D05,CC501,A400,126322.57
20260901,2026-09-01,D05,CC501,A500,70111.62
20260901,2026-09-01,D05,CC501,A800,109702.89
20260901,2026-09-01,D05,CC502,A200,789309.88
20260901,2026-09-01,D05,CC502,A210,186003.18
20260901,2026-09-01,D05,CC502,A300,260665.86
20260901,2026-09-01,D05,CC502,A310,199308.28
20260901,2026-09-01,D05,CC502,A400,114575.68
20260901,2026-09-01,D05,CC502,A500,68607.85
20260901,2026-09-01,D05,CC502,A800,104260.97
20260901,2026-09-01,D06,CC601,A200,340071.22
20260901,2026-09-01,D06,CC601,A210,105043.54
20260901,2026-09-01,D06,CC601,A310,84996.31
20260901,2026-09-01,D06,CC601,A400,64422.44
20260901,2026-09-01,D06,CC601,A500,34697.05
20260901,2026-09-01,D06,CC601,A800,50865.69
20260901,2026-09-01,D07,CC701,A100,5517730.05
20260901,2026-09-01,D07,CC701,A110,885471.66
20260901,2026-09-01,D07,CC701,A200,644106.61
20260901,2026-09-01,D07,CC701,A210,150590.1
20260901,2026-09-01,D07,CC701,A300,185208.16
20260901,2026-09-01,D07,CC701,A310,152925.41
20260901,2026-09-01,D07,CC701,A400,101643.76
20260901,2026-09-01,D07,CC701,A500,53667.46
20260901,2026-09-01,D07,CC701,A600,262520.76
20260901,2026-09-01,D07,CC701,A800,74405.58
20260901,2026-09-01,D08,CC801,A200,986939.94
20260901,2026-09-01,D08,CC801,A210,262175.94
20260901,2026-09-01,D08,CC801,A300,323113.01
20260901,2026-09-01,D08,CC801,A310,226553.98
20260901,2026-09-01,D08,CC801,A400,156458.11
20260901,2026-09-01,D08,CC801,A500,77830.14
20260901,2026-09-01,D08,CC801,A700,7082219.66
20260901,2026-09-01,D08,CC801,A800,123702.81
20260901,2026-09-01,D08,CC802,A200,846072.21
20260901,2026-09-01,D08,CC802,A210,229399.52
20260901,2026-09-01,D08,CC802,A310,235285.72
20260901,2026-09-01,D08,CC802,A400,154102.89
20260901,2026-09-01,D08,CC802,A500,79985.47
20260901,2026-09-01,D08,CC802,A700,6823290.43
20260901,2026-09-01,D08,CC802,A800,117541.21
20261001,2026-10-01,D01,CC101,A200,432410.48
20261001,2026-10-01,D01,CC101,A210,111126.26
20261001,2026-10-01,D01,CC101,A300,142147.23
20261001,2026-10-01,D01,CC101,A400,79634.72
20261001,2026-10-01,D01,CC101,A500,34895.09
20261001,2026-10-01,D01,CC101,A800,65548.22
20261001,2026-10-01,D01,CC102,A100,2566295.69
20261001,2026-10-01,D01,CC102,A110,380704.01
20261001,2026-10-01,D01,CC102,A200,424487.22
20261001,2026-10-01,D01,CC102,A210,110698.42
20261001,2026-10-01,D01,CC102,A300,162469.27
20261001,2026-10-01,D01,CC102,A400,67206.42
20261001,2026-10-01,D01,CC102,A500,40685.01
20261001,2026-10-01,D01,CC102,A800,63380.43
20261001,2026-10-01,D02,CC201,A200,1180940.75
20261001,2026-10-01,D02,CC201,A210,309490.39
20261001,2026-10-01,D02,CC201,A400,214968.71
20261001,2026-10-01,D02,CC201,A500,107268.37
20261001,2026-10-01,D02,CC201,A700,8735071.82
20261001,2026-10-01,D02,CC201,A800,156971.03
20261001,2026-10-01,D02,CC202,A200,1269015.12
20261001,2026-10-01,D02,CC202,A210,327973.2
20261001,2026-10-01,D02,CC202,A400,235828.35
20261001,2026-10-01,D02,CC202,A500,100739.38
20261001,2026-10-01,D02,CC202,A700,9988025.52
20261001,2026-10-01,D02,CC202,A800,141805.17
20261001,2026-10-01,D03,CC301,A200,689754.89
20261001,2026-10-01,D03,CC301,A210,198428.82
20261001,2026-10-01,D03,CC301,A310,177265.54
20261001,2026-10-01,D03,CC301,A400,122281.12
20261001,2026-10-01,D03,CC301,A500,64126.22
20261001,2026-10-01,D03,CC301,A800,88736.15
20261001,2026-10-01,D04,CC401,A200,589692.66
20261001,2026-10-01,D04,CC401,A210,136737.58
20261001,2026-10-01,D04,CC401,A300,189910.35
20261001,2026-10-01,D04,CC401,A310,132542.45
20261001,2026-10-01,D04,CC401,A400,112343.79
20261001,2026-10-01,D04,CC401,A500,46544.8
20261001,2026-10-01,D04,CC401,A800,76992.7
20261001,2026-10-01,D05,CC501,A200,830457.47
20261001,2026-10-01,D05,CC501,A210,214156.92
20261001,2026-10-01,D05,CC501,A300,267700.68
20261001,2026-10-01,D05,CC501,A310,200321.06
20261001,2026-10-01,D05,CC501,A400,143886.43
20261001,2026-10-01,D05,CC501,A500,70168.59
20261001,2026-10-01,D05,CC501,A800,101640.95
20261001,2026-10-01,D05,CC502,A200,778901.96
20261001,2026-10-01,D05,CC502,A210,222782.63
20261001,2026-10-01,D05,CC502,A300,264096.86
20261001,2026-10-01,D05,CC502,A310,193663.62
20261001,2026-10-01,D05,CC502,A400,155106.79
20261001,2026-10-01,D05,CC502,A500,61974.45
20261001,2026-10-01,D05,CC502,A800,94179.64
20261001,2026-10-01,D06,CC601,A200,395877.56
20261001,2026-10-01,D06,CC601,A210,111544.47
20261001,2026-10-01,D06,CC601,A300,141726.04
20261001,2026-10-01,D06,CC601,A310,102439.49
20261001,2026-10-01,D06,CC601,A400,72212.63
20261001,2026-10-01,D06,CC601,A500,31124.47
20261001,2026-10-01,D06,CC601,A800,52514.32
20261001,2026-10-01,D07,CC701,A100,5145500.55
20261001,2026-10-01,D07,CC701,A110,850784.0
20261001,2026-10-01,D07,CC701,A200,648091.42
20261001,2026-10-01,D07,CC701,A210,161009.35
20261001,2026-10-01,D07,CC701,A300,226947.99
20261001,2026-10-01,D07,CC701,A310,145108.45
20261001,2026-10-01,D07,CC701,A400,98428.12
20261001,2026-10-01,D07,CC701,A500,48541.55
20261001,2026-10-01,D07,CC701,A600,260148.59
20261001,2026-10-01,D07,CC701,A800,82341.86
20261001,2026-10-01,D08,CC801,A200,929516.65
20261001,2026-10-01,D08,CC801,A210,215315.58
20261001,2026-10-01,D08,CC801,A300,324300.16
20261001,2026-10-01,D08,CC801,A400,173296.89
20261001,2026-10-01,D08,CC801,A500,70385.0
20261001,2026-10-01,D08,CC801,A700,6165102.91
20261001,2026-10-01,D08,CC801,A800,117682.17
20261001,2026-10-01,D08,CC802,A200,912347.45
20261001,2026-10-01,D08,CC802,A210,226979.71
20261001,2026-10-01,D08,CC802,A400,163373.75
20261001,2026-10-01,D08,CC802,A500,77312.51
20261001,2026-10-01,D08,CC802,A700,6643775.86
20261001,2026-10-01,D08,CC802,A800,120690.14
20261101,2026-11-01,D01,CC101,A200,413358.07
20261101,2026-11-01,D01,CC101,A210,120373.52
20261101,2026-11-01,D01,CC101,A300,148949.03
20261101,2026-11-01,D01,CC101,A310,118557.06
20261101,2026-11-01,D01,CC101,A400,72048.42
20261101,2026-11-01,D01,CC101,A500,36974.61
20261101,2026-11-01,D01,CC101,A800,62278.7
20261101,2026-11-01,D01,CC102,A100,2615074.09
20261101,2026-11-01,D01,CC102,A110,417063.82
20261101,2026-11-01,D01,CC102,A200,466365.73
20261101,2026-11-01,D01,CC102,A210,113220.68
20261101,2026-11-01,D01,CC102,A300,158460.77
20261101,2026-11-01,D01,CC102,A310,111197.45
20261101,2026-11-01,D01,CC102,A400,82066.97
20261101,2026-11-01,D01,CC102,A500,40232.82
20261101,2026-11-01,D01,CC102,A800,59109.51
20261101,2026-11-01,D02,CC201,A200,1253300.87
20261101,2026-11-01,D02,CC201,A210,297555.94
20261101,2026-11-01,D02,CC201,A300,409748.18
20261101,2026-11-01,D02,CC201,A400,226650.89
20261101,2026-11-01,D02,CC201,A500,116095.85
20261101,2026-11-01,D02,CC201,A700,9591707.18
20261101,2026-11-01,D02,CC201,A800,169659.22
20261101,2026-11-01,D02,CC202,A200,1184177.43
20261101,2026-11-01,D02,CC202,A210,328420.49
20261101,2026-11-01,D02,CC202,A300,355156.16
20261101,2026-11-01,D02,CC202,A400,223722.79
20261101,2026-11-01,D02,CC202,A500,101821.26
20261101,2026-11-01,D02,CC202,A700,8889588.65
20261101,2026-11-01,D02,CC202,A800,155750.61
20261101,2026-11-01,D03,CC301,A200,705619.99
20261101,2026-11-01,D03,CC301,A210,183777.04
20261101,2026-11-01,D03,CC301,A300,249307.73
20261101,2026-11-01,D03,CC301,A400,140040.87
20261101,2026-11-01,D03,CC301,A500,65710.86
20261101,2026-11-01,D03,CC301,A800,103734.78
20261101,2026-11-01,D04,CC401,A200,565268.33
20261101,2026-11-01,D04,CC401,A210,137849.02
20261101,2026-11-01,D04,CC401,A310,140614.16
20261101,2026-11-01,D04,CC401,A400,105935.29
20261101,2026-11-01,D04,CC401,A500,45276.03
20261101,2026-11-01,D04,CC401,A800,64942.54
20261101,2026-11-01,D05,CC501,A200,753990.15
20261101,2026-11-01,D05,CC501,A210,195248.82
20261101,2026-11-01,D05,CC501,A300,253419.74
20261101,2026-11-01,D05,CC501,A310,183153.12
20261101,2026-11-01,D05,CC501,A400,134965.03
20261101,2026-11-01,D05,CC501,A500,72506.57
20261101,2026-11-01,D05,CC501,A800,109089.08
20261101,2026-11-01,D05,CC502,A200,843481.1
20261101,2026-11-01,D05,CC502,A210,199771.96
20261101,2026-11-01,D05,CC502,A300,268355.53
20261101,2026-11-01,D05,CC502,A310,185768.16
20261101,2026-11-01,D05,CC502,A400,142632.18
20261101,2026-11-01,D05,CC502,A500,68547.36
20261101,2026-11-01,D05,CC502,A800,102826.59
20261101,2026-11-01,D06,CC601,A200,339995.13
20261101,2026-11-01,D06,CC601,A210,104716.83
20261101,2026-11-01,D06,CC601,A300,142389.45
20261101,2026-11-01,D06,CC601,A310,98078.94
20261101,2026-11-01,D06,CC601,A400,68663.44
20261101,2026-11-01,D06,CC601,A500,32378.86
20261101,2026-11-01,D06,CC601,A800,48502.68
20261101,2026-11-01,D07,CC701,A100,5996546.49
20261101,2026-11-01,D07,CC701,A110,913032.44
20261101,2026-11-01,D07,CC701,A200,719142.23
20261101,2026-11-01,D07,CC701,A210,159758.93
20261101,2026-11-01,D07,CC701,A310,147969.3
20261101,2026-11-01,D07,CC701,A400,107967.7
20261101,2026-11-01,D07,CC701,A500,51726.98
20261101,2026-11-01,D07,CC701,A600,264958.06
20261101,2026-11-01,D07,CC701,A800,75396.82
20261101,2026-11-01,D08,CC801,A200,886553.47
20261101,2026-11-01,D08,CC801,A210,217642.75
20261101,2026-11-01,D08,CC801,A300,332048.0
20261101,2026-11-01,D08,CC801,A310,206954.16
20261101,2026-11-01,D08,CC801,A400,151901.16
20261101,2026-11-01,D08,CC801,A500,72653.54
20261101,2026-11-01,D08,CC801,A700,6896493.44
20261101,2026-11-01,D08,CC801,A800,112525.21
20261101,2026-11-01,D08,CC802,A200,930461.22
20261101,2026-11-01,D08,CC802,A210,237904.0
20261101,2026-11-01,D08,CC802,A310,227043.67
20261101,2026-11-01,D08,CC802,A400,165112.45
20261101,2026-11-01,D08,CC802,A500,70682.15
20261101,2026-11-01,D08,CC802,A700,6631629.59
20261101,2026-11-01,D08,CC802,A800,121462.38
20261201,2026-12-01,D01,CC101,A200,478824.31
20261201,2026-12-01,D01,CC101,A210,128766.37
20261201,2026-12-01,D01,CC101,A310,118209.25
20261201,2026-12-01,D01,CC101,A400,79498.59
20261201,2026-12-01,D01,CC101,A500,38887.86
20261201,2026-12-01,D01,CC101,A800,58030.2
20261201,2026-12-01,D01,CC102,A100,2419799.17
20261201,2026-12-01,D01,CC102,A110,448587.34
20261201,2026-12-01,D01,CC102,A200,454051.38
20261201,2026-12-01,D01,CC102,A210,115626.19
20261201,2026-12-01,D01,CC102,A300,152914.81
20261201,2026-12-01,D01,CC102,A310,117271.25
20261201,2026-12-01,D01,CC102,A400,80726.77
20261201,2026-12-01,D01,CC102,A500,34436.71
20261201,2026-12-01,D01,CC102,A800,54531.73
20261201,2026-12-01,D02,CC201,A200,1370805.47
20261201,2026-12-01,D02,CC201,A210,307674.76
20261201,2026-12-01,D02,CC201,A310,321205.69
20261201,2026-12-01,D02,CC201,A400,218208.86
20261201,2026-12-01,D02,CC201,A500,99438.82
20261201,2026-12-01,D02,CC201,A700,8657254.46
20261201,2026-12-01,D02,CC201,A800,174702.39
20261201,2026-12-01,D02,CC202,A200,1276762.07
20261201,2026-12-01,D02,CC202,A210,322690.24
20261201,2026-12-01,D02,CC202,A300,431083.87
20261201,2026-12-01,D02,CC202,A310,329612.03
20261201,2026-12-01,D02,CC202,A400,248330.79
20261201,2026-12-01,D02,CC202,A500,113752.85
20261201,2026-12-01,D02,CC202,A700,9595373.12
20261201,2026-12-01,D02,CC202,A800,174781.47
20261201,2026-12-01,D03,CC301,A200,686480.78
20261201,2026-12-01,D03,CC301,A210,195201.81
20261201,2026-12-01,D03,CC301,A300,264914.94
20261201,2026-12-01,D03,CC301,A310,189703.84
20261201,2026-12-01,D03,CC301,A400,131177.79
20261201,2026-12-01,D03,CC301,A500,51854.0
20261201,2026-12-01,D03,CC301,A800,99333.67
20261201,2026-12-01,D04,CC401,A200,566795.53
20261201,2026-12-01,D04,CC401,A210,143307.17
20261201,2026-12-01,D04,CC401,A300,196964.83
20261201,2026-12-01,D04,CC401,A310,151061.3
20261201,2026-12-01,D04,CC401,A400,105329.32
20261201,2026-12-01,D04,CC401,A500,46354.0
20261201,2026-12-01,D04,CC401,A800,78899.45
20261201,2026-12-01,D05,CC501,A200,806333.46
20261201,2026-12-01,D05,CC501,A210,200772.8
20261201,2026-12-01,D05,CC501,A300,275066.77
20261201,2026-12-01,D05,CC501,A310,171651.6
20261201,2026-12-01,D05,CC501,A400,139687.97
20261201,2026-12-01,D05,CC501,A500,70754.89
20261201,2026-12-01,D05,CC501,A800,104003.96
20261201,2026-12-01,D05,CC502,A200,803862.43
20261201,2026-12-01,D05,CC502,A210,201857.13
20261201,2026-12-01,D05,CC502,A300,260444.83
20261201,2026-12-01,D05,CC502,A310,191392.46
20261201,2026-12-01,D05,CC502,A400,135260.74
20261201,2026-12-01,D05,CC502,A500,69262.37
20261201,2026-12-01,D05,CC502,A800,100508.22
20261201,2026-12-01,D06,CC601,A200,381831.06
20261201,2026-12-01,D06,CC601,A210,101578.45
20261201,2026-12-01,D06,CC601,A400,82361.58
20261201,2026-12-01,D06,CC601,A500,31458.6
20261201,2026-12-01,D06,CC601,A800,51238.13
20261201,2026-12-01,D07,CC701,A100,5783226.03
20261201,2026-12-01,D07,CC701,A110,833252.02
20261201,2026-12-01,D07,CC701,A200,586887.9
20261201,2026-12-01,D07,CC701,A210,176147.97
20261201,2026-12-01,D07,CC701,A400,113745.31
20261201,2026-12-01,D07,CC701,A500,56234.78
20261201,2026-12-01,D07,CC701,A600,284947.82
20261201,2026-12-01,D07,CC701,A800,86270.8
20261201,2026-12-01,D08,CC801,A200,893075.25
20261201,2026-12-01,D08,CC801,A210,215952.2
20261201,2026-12-01,D08,CC801,A300,319083.6
20261201,2026-12-01,D08,CC801,A310,223609.17
20261201,2026-12-01,D08,CC801,A400,158226.07
20261201,2026-12-01,D08,CC801,A500,87155.59
20261201,2026-12-01,D08,CC801,A700,6153962.21
20261201,2026-12-01,D08,CC801,A800,105597.48
20261201,2026-12-01,D08,CC802,A200,917926.87
20261201,2026-12-01,D08,CC802,A210,237479.99
20261201,2026-12-01,D08,CC802,A300,323302.63
20261201,2026-12-01,D08,CC802,A310,208728.39
20261201,2026-12-01,D08,CC802,A400,176344.9
20261201,2026-12-01,D08,CC802,A500,78182.8
20261201,2026-12-01,D08,CC802,A700,6536820.16
20261201,2026-12-01,D08,CC802,A800,133013.69
